id,type,english,stl,reference
D68763,immediate_response,"It is always the case that everytime when OG5Sbqgny is over 7 then the following condition holds: the value of sMTUHFbfFp ought to be in the outside of the range (72.18, 72.35) instantly.",always ( OG5Sbqgny > 7 -> not (sMTUHFbfFp > 72.18 and sMTUHFbfFp < 72.35) ), OG5Sbqgny > 7 -> ! (sMTUHFbfFp > 72.18 && sMTUHFbfFp < 72.35) 
D109904,immediate_response,"Globally, during the interval that the value of signal xjJA is no less than 87 and less than 97, then the following condition is true: at once p shouldn't be equal to 647.99.",always ( xjJA >= 87 and xjJA < 97 -> not (p == 647.99) ), xjJA >= 87 && xjJA < 97 -> ! (p == 647.99) 
D70271,immediate_response,"Globally, whenever the value of signal OOl is less than 22.57, and the Qcxtp2vn_ signal is not less than 2, then all of the following conditions hold: without any delay the value of signal Y_OzxWruM shan't be smaller than 2064.",always ( OOl < 22.57 and not (Qcxtp2vn_ < 2) -> not (Y_OzxWruM < 2064) ), OOl < 22.57 && ! (Qcxtp2vn_ < 2) -> ! (Y_OzxWruM < 2064) 
D9357,immediate_response,"Globally, while the value of signal eD stays greater than or equal to 64 and less than or equal to 78 then all of the following conditions are true: at the same time the value of signal F4zPz49 won't be higher than 1164.38, or at the same time instant the value of signal IU9No will have to remain no less than 189.",always ( eD >= 64 and eD <= 78 -> not (F4zPz49 > 1164.38) or IU9No >= 189 ), eD >= 64 && eD <= 78 -> ! (F4zPz49 > 1164.38) || IU9No >= 189 
D47647,immediate_response,"In the case the gs_sLT signal is in the interval [87.08, 99.8], and the value of O_tiwP stays at 10, then all of the following conditions hold: promptly the value of signal X mustn't be below 4.7.",always ( (gs_sLT >= 87.08 and gs_sLT <= 99.8) and O_tiwP == 10 -> not (X < 4.7) ), (gs_sLT >= 87.08 && gs_sLT <= 99.8) && O_tiwP == 10 -> ! (X < 4.7) 
D78279,immediate_response,"Globally, whenever the value of tvH is no larger than 3.4 and MQT stays greater than or equal to 857 then all of the following conditions hold: the Jv9zpWei signal should immediately not be greater than or equal to 41.86.",always ( tvH <= 3.4 and MQT >= 857 -> not (Jv9zpWei >= 41.86) ), tvH <= 3.4 && MQT >= 857 -> ! (Jv9zpWei >= 41.86) 
D76295,immediate_response,As soon as sWy stays less than or equal to 350 or the value of s_nqBgEp is greater than 27.2 then the following condition holds: without any delay the value of signal ytzvonJIWH must never be smaller than 6.,always ( sWy <= 350 or s_nqBgEp > 27.2 -> not (ytzvonJIWH < 6) ), sWy <= 350 || s_nqBgEp > 27.2 -> ! (ytzvonJIWH < 6) 
D69183,immediate_response,"It is always the case that when the value of signal QzL4pwt88_ is within the open interval (1622, 2663), and the value of signal keAwcp0 is less than or equal to 3, then the following condition holds: simultaneously the _Xg8 signal shall never be 704.",always ( (QzL4pwt88_ > 1622 and QzL4pwt88_ < 2663) and keAwcp0 <= 3 -> not (_Xg8 == 704) ), (QzL4pwt88_ > 1622 && QzL4pwt88_ < 2663) && keAwcp0 <= 3 -> ! (_Xg8 == 704) 
D111557,immediate_response,"Globally, everytime when the value of signal awidlsZ4lj is at least 6 and less than or equal to 7 then the following condition is true: immediately the NRGFQH4 signal will be out of the range (0, 6).",always ( awidlsZ4lj >= 6 and awidlsZ4lj <= 7 -> not (NRGFQH4 > 0 and NRGFQH4 < 6) ), awidlsZ4lj >= 6 && awidlsZ4lj <= 7 -> ! (NRGFQH4 > 0 && NRGFQH4 < 6) 
D118397,immediate_response,In the event that the mnV5x signal is greater than 37 and smaller than 77 and the fGyPb_ signal is 2529 then without any delay Ywova3_Dk never equals to 2691.,always ( (mnV5x > 37 and mnV5x < 77) and fGyPb_ == 2529 -> not (Ywova3_Dk == 2691) ), (mnV5x > 37 && mnV5x < 77) && fGyPb_ == 2529 -> ! (Ywova3_Dk == 2691) 
D53436,immediate_response,"Globally, during the interval that CCocIl is not lower than 3, or the value of signal DwKksK7r8 isn't equal to 1632 then the following condition holds: promptly pmuFV5Z isn't below 1505.",always ( not (CCocIl < 3) or not (DwKksK7r8 == 1632) -> not (pmuFV5Z < 1505) ), ! (CCocIl < 3) || ! (DwKksK7r8 == 1632) -> ! (pmuFV5Z < 1505) 
D71861,immediate_response,"Globally, when the value of signal Fnqefmk isn't equal to 0.2 then the following condition holds: the value of signal ycKQycrdw shall stay larger than 4 and below 7 at the same time point, or starting without any delay IEWM2cWnQ isn't less than 27.23.",always ( not (Fnqefmk == 0.2) -> (ycKQycrdw > 4 and ycKQycrdw < 7) or not (IEWM2cWnQ < 27.23) ), ! (Fnqefmk == 0.2) -> (ycKQycrdw > 4 && ycKQycrdw < 7) || ! (IEWM2cWnQ < 27.23) 
D62409,immediate_response,While the nknzlP9LM signal is at least 2 then in response promptly the value of signal j0dhcDZgm ought not to be over 60.,always ( nknzlP9LM >= 2 -> not (j0dhcDZgm > 60) ), nknzlP9LM >= 2 -> ! (j0dhcDZgm > 60) 
D85797,immediate_response,"In the case the tq7L signal keeps equal to 10 then the following condition is true: instantly A4diG_z has to be in the outside of the range (84.77, 86.59).",always ( tq7L == 10 -> not (A4diG_z > 84.77 and A4diG_z < 86.59) ), tq7L == 10 -> ! (A4diG_z > 84.77 && A4diG_z < 86.59) 
D42176,immediate_response,"Globally, in case that the value of kTRoIsIC_ is at least 2868 and less than or equal to 2962 or the value of signal FygVE is greater than 92.9 then at once the value of DA7_TLCOn is not at most 1.",always ( (kTRoIsIC_ >= 2868 and kTRoIsIC_ <= 2962) or FygVE > 92.9 -> not (DA7_TLCOn <= 1) ), (kTRoIsIC_ >= 2868 && kTRoIsIC_ <= 2962) || FygVE > 92.9 -> ! (DA7_TLCOn <= 1) 
D78275,immediate_response,"During the interval that the value of aaez_fx35Y is less than or equal to 6, and the value of signal s_V6f6kznV is greater than or equal to 8 then in response at the same time the value of WW_sPpFaAx won't be greater than or equal to 27.",always ( aaez_fx35Y <= 6 and s_V6f6kznV >= 8 -> not (WW_sPpFaAx >= 27) ), aaez_fx35Y <= 6 && s_V6f6kznV >= 8 -> ! (WW_sPpFaAx >= 27) 
D31034,immediate_response,"On condition that the value of signal oUMvfgP is at least 26.16, and the value of signal qt5DtU4 is set to 1, then all of the following conditions hold: instantly the value of cAL3 oughtn't to be greater than 10.",always ( oUMvfgP >= 26.16 and qt5DtU4 == 1 -> not (cAL3 > 10) ), oUMvfgP >= 26.16 && qt5DtU4 == 1 -> ! (cAL3 > 10) 
D52025,immediate_response,"As soon as PUMH isn't 2265, then all of the following conditions hold: the value of dM shall be in the outside of the range [1.61, 3.36] at once, and the value of OP0HMAMu has to stay at 10 right away.",always ( not (PUMH == 2265) -> not (dM >= 1.61 and dM <= 3.36) and OP0HMAMu == 10 ), ! (PUMH == 2265) -> ! (dM >= 1.61 && dM <= 3.36) && OP0HMAMu == 10 
D109902,immediate_response,"Whenever the value of signal S3kP_W is no less than 71 and less than 84, then the following condition is true: GefpubwmBB shall promptly not be equal to 1302.36.",always ( S3kP_W >= 71 and S3kP_W < 84 -> not (GefpubwmBB == 1302.36) ), S3kP_W >= 71 && S3kP_W < 84 -> ! (GefpubwmBB == 1302.36) 
D19935,immediate_response,"As soon as the value of signal Cw1_ is over 21 and smaller than 66, then the following condition is true: starting without any delay the value of signal KiGWYOGf_ has to be in the outside of the range (2.7, 8.4).",always ( Cw1_ > 21 and Cw1_ < 66 -> not (KiGWYOGf_ > 2.7 and KiGWYOGf_ < 8.4) ), Cw1_ > 21 && Cw1_ < 66 -> ! (KiGWYOGf_ > 2.7 && KiGWYOGf_ < 8.4) 
D89730,immediate_response,"Globally, when RbXRaLJL is greater than or equal to 57 then all of the following conditions hold: at the same moment the value of Q shouldn't be at most 2.",always ( RbXRaLJL >= 57 -> not (Q <= 2) ), RbXRaLJL >= 57 -> ! (Q <= 2) 
D112131,immediate_response,"Globally, during the interval that the value of signal g remains less than or equal to 29 then all of the following conditions are true: the o2u signal will not be greater than or equal to 4 and less than 8.",always ( g <= 29 -> not (o2u >= 4 and o2u < 8) ), g <= 29 -> ! (o2u >= 4 && o2u < 8) 
D44243,immediate_response,"It is always the case that whenever the l3jFLaK_m signal is greater than 1.7, then at the same moment the value of signal XIhO959VqL will never be equal to 4.",always ( l3jFLaK_m > 1.7 -> not (XIhO959VqL == 4) ), l3jFLaK_m > 1.7 -> ! (XIhO959VqL == 4) 
D80486,immediate_response,In the event that the value of signal L is set to 35 then all of the following conditions are true: in no time N_otDaQIeC shall never settle to 2039.07.,always ( L == 35 -> not (N_otDaQIeC == 2039.07) ), L == 35 -> ! (N_otDaQIeC == 2039.07) 
D104896,immediate_response,During the interval that the value of signal f is no more than 4 then all of the following conditions hold: at the same time point the ywBsA signal must be above 49 and lower than 71 and the q9at9Ez signal must be higher than 3 and below 9 without any delay.,always ( f <= 4 -> (ywBsA > 49 and ywBsA < 71) and (q9at9Ez > 3 and q9at9Ez < 9) ), f <= 4 -> (ywBsA > 49 && ywBsA < 71) && (q9at9Ez > 3 && q9at9Ez < 9) 
D112512,immediate_response,It is always the case that everytime when XsbFAZv_KZ is below 96.9 then without any delay the value of signal eyoTTHh0 needs to be greater than or equal to 8 and below 10 and instantly the value of IIAoEUk will be smaller than 24.,always ( XsbFAZv_KZ < 96.9 -> (eyoTTHh0 >= 8 and eyoTTHh0 < 10) and IIAoEUk < 24 ), XsbFAZv_KZ < 96.9 -> (eyoTTHh0 >= 8 && eyoTTHh0 < 10) && IIAoEUk < 24 
D88647,immediate_response,"Globally, if the value of signal X3fy keeps less than 26 then in no time the ibl signal should be in the outside of the range [4.81, 5.69] and j6 should be out of the range [47, 49] in no time.",always ( X3fy < 26 -> not (ibl >= 4.81 and ibl <= 5.69) and not (j6 >= 47 and j6 <= 49) ), X3fy < 26 -> ! (ibl >= 4.81 && ibl <= 5.69) && ! (j6 >= 47 && j6 <= 49) 
D31763,immediate_response,"Globally, when the v2Had signal is bigger than 7, then all of the following conditions hold: SAUqDr6 will have to be in the outside of the range (84, 89] immediately and at once the value of signal dZQv shall be equal to 2.41.",always ( v2Had > 7 -> not (SAUqDr6 > 84 and SAUqDr6 <= 89) and dZQv == 2.41 ), v2Had > 7 -> ! (SAUqDr6 > 84 && SAUqDr6 <= 89) && dZQv == 2.41 
D53439,immediate_response,When the value of signal BYn3jLF is not smaller than 0.48 or the iEZg6 signal doesn't equal to 587 then the following condition holds: instantly the value of signal Iw98N6 shall never be less than 1713.,always ( not (BYn3jLF < 0.48) or not (iEZg6 == 587) -> not (Iw98N6 < 1713) ), ! (BYn3jLF < 0.48) || ! (iEZg6 == 587) -> ! (Iw98N6 < 1713) 
D19937,immediate_response,"As soon as the value of signal kX is over 1341 and smaller than 1572 then all of the following conditions hold: OXpOBrQXn promptly lingers in the outside of the range (1, 8).",always ( kX > 1341 and kX < 1572 -> not (OXpOBrQXn > 1 and OXpOBrQXn < 8) ), kX > 1341 && kX < 1572 -> ! (OXpOBrQXn > 1 && OXpOBrQXn < 8) 
D106333,immediate_response,"It is always the case that if the Vf4 signal isn't 265 or ESk3_1D is less than or equal to 6, then all of the following conditions hold: the value of signal PdBXHE84Rs shall promptly not be equal to 14.",always ( not (Vf4 == 265) or ESk3_1D <= 6 -> not (PdBXHE84Rs == 14) ), ! (Vf4 == 265) || ESk3_1D <= 6 -> ! (PdBXHE84Rs == 14) 
D18049,immediate_response,"Globally, everytime when the value of oc16yKiQD is above 82.8 and below 88.3, then in response right away the value of IWiwfpPk6 is not at least 9, and O7dKTh_OBw ought to be immediately larger than 1375 and smaller than 2162.",always ( oc16yKiQD > 82.8 and oc16yKiQD < 88.3 -> not (IWiwfpPk6 >= 9) and (O7dKTh_OBw > 1375 and O7dKTh_OBw < 2162) ), oc16yKiQD > 82.8 && oc16yKiQD < 88.3 -> ! (IWiwfpPk6 >= 9) && (O7dKTh_OBw > 1375 && O7dKTh_OBw < 2162) 
D101140,immediate_response,"Globally, if the value of vtX2 is greater than or equal to 24, then all of the following conditions are true: the iQ9KdGQlg signal must simultaneously not be less than 20.",always ( vtX2 >= 24 -> not (iQ9KdGQlg < 20) ), vtX2 >= 24 -> ! (iQ9KdGQlg < 20) 
D60955,immediate_response,"It is always the case that whenever the xoWlI signal is within the closed interval [67.0, 84.6], then the wsQ9vc signal mustn't be above 88.",always ( xoWlI >= 67.0 and xoWlI <= 84.6 -> not (wsQ9vc > 88) ), xoWlI >= 67.0 && xoWlI <= 84.6 -> ! (wsQ9vc > 88) 
D71067,immediate_response,"Globally, while spBFBXIcSe is larger than 7.71 then all of the following conditions hold: the _os6 signal ought to be greater than or equal to 31 and less than or equal to 42 promptly and right away the vReAvc signal shall be less than or equal to 85.",always ( spBFBXIcSe > 7.71 -> (_os6 >= 31 and _os6 <= 42) and vReAvc <= 85 ), spBFBXIcSe > 7.71 -> (_os6 >= 31 && _os6 <= 42) && vReAvc <= 85 
D83060,immediate_response,"Everytime when the p signal is equal to 10 and the value of OHj_hmWzki is 1628 then in response at the same time dz6bO will have to be out of the range [579, 2701].",always ( p == 10 and OHj_hmWzki == 1628 -> not (dz6bO >= 579 and dz6bO <= 2701) ), p == 10 && OHj_hmWzki == 1628 -> ! (dz6bO >= 579 && dz6bO <= 2701) 
D19938,immediate_response,"In the event that the value of signal G0GBUPLm4o is over 7 and smaller than 10 then in response simultaneously the value of N9g should be out of the range (2, 8).",always ( G0GBUPLm4o > 7 and G0GBUPLm4o < 10 -> not (N9g > 2 and N9g < 8) ), G0GBUPLm4o > 7 && G0GBUPLm4o < 10 -> ! (N9g > 2 && N9g < 8) 
D62407,immediate_response,"Globally, when the value of signal iMg2yU6 is greater than or equal to 1377 then the following condition holds: right away MtLSIdE ought never to be over 67.6.",always ( iMg2yU6 >= 1377 -> not (MtLSIdE > 67.6) ), iMg2yU6 >= 1377 -> ! (MtLSIdE > 67.6) 
D70478,immediate_response,It is always the case that in case that r7jqeig_J8 isn't at least 3 then all of the following conditions are true: simultaneously gafH2e oughtn't to be greater than or equal to 2915 and less than or equal to 2996.,always ( not (r7jqeig_J8 >= 3) -> not (gafH2e >= 2915 and gafH2e <= 2996) ), ! (r7jqeig_J8 >= 3) -> ! (gafH2e >= 2915 && gafH2e <= 2996) 
D58737,immediate_response,"It is always the case that in case that the hLbU3gM1 signal is set to 8, then in response the CrC signal will immediately not be 83.",always ( hLbU3gM1 == 8 -> not (CrC == 83) ), hLbU3gM1 == 8 -> ! (CrC == 83) 
D88926,immediate_response,"Globally, in case that the wbZA__OH4K signal is at least 32 then in response in no time the u7cSF signal is never greater than or equal to 67.7 or the value of k5mn0 has to be at least 9.4 in no time.",always ( wbZA__OH4K >= 32 -> not (u7cSF >= 67.7) or k5mn0 >= 9.4 ), wbZA__OH4K >= 32 -> ! (u7cSF >= 67.7) || k5mn0 >= 9.4 
D92091,immediate_response,"It is always the case that in case that the lOFogv signal remains equal to 3, then the following condition holds: without any delay the value of c3S2 oughtn't to be equal to 78.",always ( lOFogv == 3 -> not (c3S2 == 78) ), lOFogv == 3 -> ! (c3S2 == 78) 
D38499,immediate_response,"It is always the case that if the value of signal zQXCLWLo is equal to 4.8, or the value of signal OIJUCFd1wd is at most 2985.1, then at the same time point the fKORUf6oo signal should never be equal to 91.26.",always ( zQXCLWLo == 4.8 or OIJUCFd1wd <= 2985.1 -> not (fKORUf6oo == 91.26) ), zQXCLWLo == 4.8 || OIJUCFd1wd <= 2985.1 -> ! (fKORUf6oo == 91.26) 
D83016,immediate_response,"In case that M4ICBtm is larger than 54 and the value of signal fW is not less than 6, then the following condition holds: at the same time point the _3J signal is not equal to 3.",always ( M4ICBtm > 54 and not (fW < 6) -> not (_3J == 3) ), M4ICBtm > 54 && ! (fW < 6) -> ! (_3J == 3) 
D70512,immediate_response,It is always the case that while QPZq is equal to 0 and the value of SUbxS5nHm is equal to 58.95 then the following condition holds: simultaneously the value of Nj1Ugx8A99 is never no less than 8 and no larger than 10.,always ( QPZq == 0 and SUbxS5nHm == 58.95 -> not (Nj1Ugx8A99 >= 8 and Nj1Ugx8A99 <= 10) ), QPZq == 0 && SUbxS5nHm == 58.95 -> ! (Nj1Ugx8A99 >= 8 && Nj1Ugx8A99 <= 10) 
D79269,immediate_response,In the event that the value of signal C90_ is larger than 1830 and less than 2275 then all of the following conditions hold: at once the PtWkFs signal has to stay above 7 and less than 9 or the s signal will have to stay equal to 1731.7 at the same moment.,always ( C90_ > 1830 and C90_ < 2275 -> (PtWkFs > 7 and PtWkFs < 9) or s == 1731.7 ), C90_ > 1830 && C90_ < 2275 -> (PtWkFs > 7 && PtWkFs < 9) || s == 1731.7 
D47648,immediate_response,"It is always the case that while the ZgdL_eg signal is in the interval [309.82, 1862.68] and JZBamS remains equal to 41.46 then the following condition holds: instantly the value of signal Ig9xYyy5ZJ shouldn't be smaller than 1828.",always ( (ZgdL_eg >= 309.82 and ZgdL_eg <= 1862.68) and JZBamS == 41.46 -> not (Ig9xYyy5ZJ < 1828) ), (ZgdL_eg >= 309.82 && ZgdL_eg <= 1862.68) && JZBamS == 41.46 -> ! (Ig9xYyy5ZJ < 1828) 
D11208,immediate_response,In the event that G6Q is not at most 27 and the value of DBiOs2jb is less than or equal to 88 then in response immediately the value of signal Mf isn't less than or equal to 3.,always ( not (G6Q <= 27) and DBiOs2jb <= 88 -> not (Mf <= 3) ), ! (G6Q <= 27) && DBiOs2jb <= 88 -> ! (Mf <= 3) 
D112510,immediate_response,"Globally, everytime when EsHKS is less than 52.9 then in no time the value of signal pIbGRkgGMB will have to be between the interval [90.73, 96.62), and at the same time the value of signal zhgl0glh needs to be smaller than 6.",always ( EsHKS < 52.9 -> (pIbGRkgGMB >= 90.73 and pIbGRkgGMB < 96.62) and zhgl0glh < 6 ), EsHKS < 52.9 -> (pIbGRkgGMB >= 90.73 && pIbGRkgGMB < 96.62) && zhgl0glh < 6 
D81544,immediate_response,In the event that the EV_CGqTpq signal is greater than or equal to 25 and at most 34 then the following condition holds: at the same time point ljjt8IbKHQ shall not be less than 5.3.,always ( EV_CGqTpq >= 25 and EV_CGqTpq <= 34 -> not (ljjt8IbKHQ < 5.3) ), EV_CGqTpq >= 25 && EV_CGqTpq <= 34 -> ! (ljjt8IbKHQ < 5.3) 
D2192,immediate_response,"If the value of yyniSAX is out of the range (8.0, 9.5), or the value of signal G stays greater than or equal to 7 then in response without any delay the value of signal CW_Ike won't be less than or equal to 17.",always ( not (yyniSAX > 8.0 and yyniSAX < 9.5) or G >= 7 -> not (CW_Ike <= 17) ), ! (yyniSAX > 8.0 && yyniSAX < 9.5) || G >= 7 -> ! (CW_Ike <= 17) 
D19699,immediate_response,"While the nvZn2sFql signal is less than or equal to 93.23, then the following condition holds: promptly the cWowd4QHy signal is at least 21 and less than or equal to 25, or without any delay the value of signal ERHgXGoO4O is less than or equal to 78.",always ( nvZn2sFql <= 93.23 -> (cWowd4QHy >= 21 and cWowd4QHy <= 25) or ERHgXGoO4O <= 78 ), nvZn2sFql <= 93.23 -> (cWowd4QHy >= 21 && cWowd4QHy <= 25) || ERHgXGoO4O <= 78 
D105468,immediate_response,"In the event that the value of bRI is greater than or equal to 82 then all of the following conditions are true: the value of qJ2SL keeps in the outside of the range (6, 21) at the same time.",always ( bRI >= 82 -> not (qJ2SL > 6 and qJ2SL < 21) ), bRI >= 82 -> ! (qJ2SL > 6 && qJ2SL < 21) 
D119693,immediate_response,"Globally, when the value of signal Cn16Q1DU is greater than or equal to 64 then in response instantly uaUU0 shall not be equal to 3.5.",always ( Cn16Q1DU >= 64 -> not (uaUU0 == 3.5) ), Cn16Q1DU >= 64 -> ! (uaUU0 == 3.5) 
D69180,immediate_response,"In the event that the value of signal IYaq is within the open interval (7, 10) and the value of MLD is less than or equal to 42 then in response right away OvVW51VNRX ought not to be equal to 38.",always ( (IYaq > 7 and IYaq < 10) and MLD <= 42 -> not (OvVW51VNRX == 38) ), (IYaq > 7 && IYaq < 10) && MLD <= 42 -> ! (OvVW51VNRX == 38) 
D104898,immediate_response,In the case the value of s5ExAs12m is less than or equal to 100 then the following condition holds: the value of signal ZJSlVYrSNr shall be instantly more than 0 and less than 2 and the value of e_ shall be greater than 17 and smaller than 90 simultaneously.,always ( s5ExAs12m <= 100 -> (ZJSlVYrSNr > 0 and ZJSlVYrSNr < 2) and (e_ > 17 and e_ < 90) ), s5ExAs12m <= 100 -> (ZJSlVYrSNr > 0 && ZJSlVYrSNr < 2) && (e_ > 17 && e_ < 90) 
D118395,immediate_response,"During the interval that the GX signal is greater than 7 and smaller than 10, and N is equal to 4.19, then immediately the value of jqv7mg shouldn't be 1794.2.",always ( (GX > 7 and GX < 10) and N == 4.19 -> not (jqv7mg == 1794.2) ), (GX > 7 && GX < 10) && N == 4.19 -> ! (jqv7mg == 1794.2) 
D95062,immediate_response,In case that the value of signal gqI isn't less than or equal to 2 then all of the following conditions hold: ypyzFfOj should simultaneously not be 19.,always ( not (gqI <= 2) -> not (ypyzFfOj == 19) ), ! (gqI <= 2) -> ! (ypyzFfOj == 19) 
D89734,immediate_response,Whenever B is greater than or equal to 2000 then all of the following conditions are true: promptly N isn't at most 21.,always ( B >= 2000 -> not (N <= 21) ), B >= 2000 -> ! (N <= 21) 
D345,immediate_response,"Everytime when the value of kd2_L is less than 1066, then the following condition is true: at once the value of euVZXQytEK needs to be greater than 77 and less than 82 or the value of signal g6Fhjd should equal to 83 in no time.",always ( kd2_L < 1066 -> (euVZXQytEK > 77 and euVZXQytEK < 82) or g6Fhjd == 83 ), kd2_L < 1066 -> (euVZXQytEK > 77 && euVZXQytEK < 82) || g6Fhjd == 83 
D79068,invariance_reachability,For every moment within the first 1 to 4 time units the pbPD signal should be consecutively between 0 (open) and 3 (open) or the value of signal JQ9ULp will have to continuously keep less than or equal to 74.,always [1:4] ((pbPD > 0 and pbPD < 3) or JQ9ULp <= 74),"G[1,4] ((pbPD > 0 && pbPD < 3) || JQ9ULp <= 74)"
D63454,invariance_reachability,Eventually the value of IjoDVZ_WlY must be less than 2426.8 at sometime after at most 2 time units.,eventually [0:2] (IjoDVZ_WlY < 2426.8),"F[0,2] (IjoDVZ_WlY < 2426.8)"
D106192,invariance_reachability,At a certain time instant after at most 7 time units the value of g1 must be 939 eventually or the value of signal I is 1288.,eventually [0:7] (g1 == 939 or I == 1288),"F[0,7] (g1 == 939 || I == 1288)"
D111336,invariance_reachability,"There will have to exist a time starting between 8 to 10 time units, at which the value of signal oIFeQv should be finally at least 19.7, or the AmWHM signal needs to be eventually larger than 632 and less than 1516.",eventually [8:10] (oIFeQv >= 19.7 or (AmWHM > 632 and AmWHM < 1516)),"F[8,10] (oIFeQv >= 19.7 || (AmWHM > 632 && AmWHM < 1516))"
D41525,invariance_reachability,"In the future, continuously Ev needs to remain equal to 1290, and the value of signal QTAnRi will always keep above 59.",always (Ev == 1290 and QTAnRi > 59),Ev == 1290 && QTAnRi > 59
D29600,invariance_reachability,"In the future till the simulation ends, uninterruptedly the value of xx7xGGgSi will be remaining on 8.2 or the rquwi9_nXw signal shall be smaller than 1275.",always (xx7xGGgSi == 8.2 or rquwi9_nXw < 1275),xx7xGGgSi == 8.2 || rquwi9_nXw < 1275
D92447,invariance_reachability,The value of SVQJhnH will consecutively remain at least 1.63 and less than or equal to 6.3 in the future till the simulation ends.,always (SVQJhnH >= 1.63 and SVQJhnH <= 6.3),SVQJhnH >= 1.63 && SVQJhnH <= 6.3
D40379,invariance_reachability,"There should exist sometime within the first 1 time units, at which the value of IJYxIixKty is finally not no less than 2.",eventually [0:1] (not (IJYxIixKty >= 2)),"F[0,1] (! (IJYxIixKty >= 2))"
D89323,invariance_reachability,"There has to be a certain time point during the first 5 time units, at which mAd ought to be above 1125 and less than 1527 eventually.",eventually [0:5] (mAd > 1125 and mAd < 1527),"F[0,5] (mAd > 1125 && mAd < 1527)"
D111771,invariance_reachability,During the first 1 time units uninterruptedly the value of f__ will have to stay less than or equal to 96.,always [0:1] (f__ <= 96),"G[0,1] (f__ <= 96)"
D7711,invariance_reachability,"For every time point within the first 4 to 6 time units, consistently the EQb_LnHXW signal has to be set to 62, and the value of signal t needs to keep at most 2265 consistently.",always [4:6] (EQb_LnHXW == 62 and t <= 2265),"G[4,6] (EQb_LnHXW == 62 && t <= 2265)"
D23280,invariance_reachability,oK shall always remain on 6 in the future until the end of the execution.,always (oK == 6),oK == 6
D116904,invariance_reachability,"In the future before the end of the execution TPbCJ2 will have to uninterruptedly stay below 4, and consistently the bds5r7DYq signal will stay larger than 1714 and less than 2063.",always (TPbCJ2 < 4 and (bds5r7DYq > 1714 and bds5r7DYq < 2063)),TPbCJ2 < 4 && (bds5r7DYq > 1714 && bds5r7DYq < 2063)
D73802,invariance_reachability,"In the future, the value of signal iFH92Y_ will be remaining smaller than 13 consecutively and consistently the value of signal WeU_12Sa will have to remain smaller than 2252.",always (iFH92Y_ < 13 and WeU_12Sa < 2252),iFH92Y_ < 13 && WeU_12Sa < 2252
D27168,invariance_reachability,For every time instant during the first 2 time units the value of hSc88g ought to stay smaller than 7 and the jCNX_aPq signal has to equal to 75 consistently.,always [0:2] (hSc88g < 7 and jCNX_aPq == 75),"G[0,2] (hSc88g < 7 && jCNX_aPq == 75)"
D29118,invariance_reachability,"For every moment within 10 time units the FF6GzTCD signal has to remain below 1372 all the time, or the value of YK6Xa shall be greater than 95 and less than or equal to 99.",always [0:10] (FF6GzTCD < 1372 or (YK6Xa > 95 and YK6Xa <= 99)),"G[0,10] (FF6GzTCD < 1372 || (YK6Xa > 95 && YK6Xa <= 99))"
D102650,invariance_reachability,The value of jZnU will be remaining greater than or equal to 1 and less than or equal to 3 all the time for every time instant during the first 9 time units.,always [0:9] (jZnU >= 1 and jZnU <= 3),"G[0,9] (jZnU >= 1 && jZnU <= 3)"
D17936,invariance_reachability,"During the first 9 time units, the value of LCoEkiqgb shall be consistently set to 8, and urs4XEGWj is less than 2 consistently.",always [0:9] (LCoEkiqgb == 8 and urs4XEGWj < 2),"G[0,9] (LCoEkiqgb == 8 && urs4XEGWj < 2)"
D102636,invariance_reachability,"For each time instant during the first 6 time units, the value of signal oeaM will be remaining at most 9, and without interruption the value of qH should not be set to 49.",always [0:6] (oeaM <= 9 and not (qH == 49)),"G[0,6] (oeaM <= 9 && ! (qH == 49))"
D70415,invariance_reachability,"For every time point within 5 time units, Ibrs will have to consecutively stay less than or equal to 2131.81.",always [0:5] (Ibrs <= 2131.81),"G[0,5] (Ibrs <= 2131.81)"
D58039,invariance_reachability,"For every moment during the first 2 time units the PB signal has to be greater than or equal to 0 and less than or equal to 5, or the value of signal jgAfQba has to keep equal to 6 without interruption.",always [0:2] ((PB >= 0 and PB <= 5) or jgAfQba == 6),"G[0,2] ((PB >= 0 && PB <= 5) || jgAfQba == 6)"
D10988,invariance_reachability,"There has to exist sometime during the first 4 time units, at which MU5hya_ will be equal to 38 ultimately and the kK signal must be smaller than 55 ultimately.",eventually [0:4] (MU5hya_ == 38 and kK < 55),"F[0,4] (MU5hya_ == 38 && kK < 55)"
D9669,invariance_reachability,For the first 10 time units the mkzx_ signal shall be no larger than 73 uninterruptedly and consecutively the n47p signal will be less than or equal to 71.,always [0:10] (mkzx_ <= 73 and n47p <= 71),"G[0,10] (mkzx_ <= 73 && n47p <= 71)"
D39875,invariance_reachability,For every moment within 5 to 10 time units the value of signal r_5N0h must keep greater than or equal to 1 consistently and the value of yMq23uj ought to consecutively remain equal to 9.,always [5:10] (r_5N0h >= 1 and yMq23uj == 9),"G[5,10] (r_5N0h >= 1 && yMq23uj == 9)"
D112176,invariance_reachability,"There shall exist sometime within the first 7 time units, at which the value of signal Ih_ is less than or equal to 76 finally or gJosiMPW should finally not be larger than 589.",eventually [0:7] (Ih_ <= 76 or not (gJosiMPW > 589)),"F[0,7] (Ih_ <= 76 || ! (gJosiMPW > 589))"
D65669,invariance_reachability,"There needs to exist a certain moment in less than 8 time units, at which the J signal must be greater than or equal to 0 and at most 6 ultimately.",eventually [0:8] (J >= 0 and J <= 6),"F[0,8] (J >= 0 && J <= 6)"
D118865,invariance_reachability,The value of signal zVyGqkCHWw shall consecutively remain less than or equal to 93.97 in the future till the simulation ends.,always (zVyGqkCHWw <= 93.97),zVyGqkCHWw <= 93.97
D62747,invariance_reachability,In the future before the execution ends the value of signal o9T should be no larger than 2471.53.,always (o9T <= 2471.53),o9T <= 2471.53
D13872,invariance_reachability,"There will have to be a time in the first 9 time units, at which the value of signal x_Rj needs to be higher than 3 and below 4 and finally the ymOwKILwHp signal needs to remain equal to 2.",eventually [0:9] ((x_Rj > 3 and x_Rj < 4) and ymOwKILwHp == 2),"F[0,9] ((x_Rj > 3 && x_Rj < 4) && ymOwKILwHp == 2)"
D37448,invariance_reachability,In the future until the execution ends g2X consistently stays at least 2.,always (g2X >= 2),g2X >= 2
D71435,invariance_reachability,Eventually the value of signal p will have to be 848 at a certain time point within 10 time units.,eventually [0:10] (p == 848),"F[0,10] (p == 848)"
D35929,invariance_reachability,The value of VmGOB05sE will be consecutively 31.15 for each moment within 7 time units.,always [0:7] (VmGOB05sE == 31.15),"G[0,7] (VmGOB05sE == 31.15)"
D89675,invariance_reachability,"There shall be a certain time instant within the first 7 time units, at which eventually the IvQ signal must be greater than or equal to 1.02 and less than or equal to 6.15.",eventually [0:7] (IvQ >= 1.02 and IvQ <= 6.15),"F[0,7] (IvQ >= 1.02 && IvQ <= 6.15)"
D15651,invariance_reachability,QC6S will be being above 213 in the future till the simulation ends.,always (QC6S > 213),QC6S > 213
D70889,invariance_reachability,"In the future, yFoAYK has to continuously remain equal to 822.61, or continuously JrtyvRGk shall never be equal to 2077.",always (yFoAYK == 822.61 or not (JrtyvRGk == 2077)),yFoAYK == 822.61 || ! (JrtyvRGk == 2077)
D41410,invariance_reachability,The value of E9 shouldn't be smaller than 633 for each time point within 7 time units.,always [0:7] (not (E9 < 633)),"G[0,7] (! (E9 < 633))"
D104440,invariance_reachability,"At a certain time point starting between 3 to 6 time units ultimately the value of JS21Pjcrih has to remain greater than 2835 and smaller than 2875, or eventually the value of rS ought to be equal to 2.6.",eventually [3:6] ((JS21Pjcrih > 2835 and JS21Pjcrih < 2875) or rS == 2.6),"F[3,6] ((JS21Pjcrih > 2835 && JS21Pjcrih < 2875) || rS == 2.6)"
D117636,invariance_reachability,"There is a certain time point in less than 6 time units, at which the value of E should be eventually equal to 0, and ultimately the iKpJ3rQJC signal shall be equal to 2401.",eventually [0:6] (E == 0 and iKpJ3rQJC == 2401),"F[0,6] (E == 0 && iKpJ3rQJC == 2401)"
D69973,invariance_reachability,In the future until the execution ends consecutively SNnBfbljm shall be larger than 56 and below 64 or uninterruptedly WG_SKmo8W_ will keep less than 36.,always ((SNnBfbljm > 56 and SNnBfbljm < 64) or WG_SKmo8W_ < 36),(SNnBfbljm > 56 && SNnBfbljm < 64) || WG_SKmo8W_ < 36
D24749,invariance_reachability,"For each time point in the first 10 time units gVaWPnfeC should continuously stay at 50, and the value of signal m will remain on 5 all the time.",always [0:10] (gVaWPnfeC == 50 and m == 5),"G[0,10] (gVaWPnfeC == 50 && m == 5)"
D101969,invariance_reachability,"For every time instant during the first 3 time units the zctN signal should stay smaller than 4 without interruption, or continuously the value of RkIMs_OEA3 will be in [29.7, 30.5].",always [0:3] (zctN < 4 or (RkIMs_OEA3 >= 29.7 and RkIMs_OEA3 <= 30.5)),"G[0,3] (zctN < 4 || (RkIMs_OEA3 >= 29.7 && RkIMs_OEA3 <= 30.5))"
D77973,invariance_reachability,"djTJkT0pm shall consistently stay between (2140, 2784) during the first 4 to 6 time units.",always [4:6] (djTJkT0pm > 2140 and djTJkT0pm < 2784),"G[4,6] (djTJkT0pm > 2140 && djTJkT0pm < 2784)"
D70887,invariance_reachability,"In the future till the execution ends, the LanCJ signal shall be consistently 6, or the value of signal _QsZ should continuously not equal to 44.1.",always (LanCJ == 6 or not (_QsZ == 44.1)),LanCJ == 6 || ! (_QsZ == 44.1)
D76344,invariance_reachability,"In the future until the simulation ends without interruption the value of signal tL must be 26, or b17H3Yjiq will be always equal to 27.",always (tL == 26 or b17H3Yjiq == 27),tL == 26 || b17H3Yjiq == 27
D35404,invariance_reachability,Consecutively the value of Sv has to remain at most 41.0 for each moment in the first 1 time units.,always [0:1] (Sv <= 41.0),"G[0,1] (Sv <= 41.0)"
D57516,invariance_reachability,"For every time instant in the first 2 to 9 time units, _RxBm needs to stay no less than 8 without interruption.",always [2:9] (_RxBm >= 8),"G[2,9] (_RxBm >= 8)"
D11017,invariance_reachability,Consecutively the sce signal has to be less than 84 in the future until the end of the simulation.,always (sce < 84),sce < 84
D77276,invariance_reachability,"In the future till the simulation ends arj3iIDdv needs to always stay between the range (50.49, 62.86).",always (arj3iIDdv > 50.49 and arj3iIDdv < 62.86),arj3iIDdv > 50.49 && arj3iIDdv < 62.86
D101875,invariance_reachability,The value of signal nQyJiE will be uninterruptedly remaining above 84 for every time point within the first 7 time units.,always [0:7] (nQyJiE > 84),"G[0,7] (nQyJiE > 84)"
D47891,invariance_reachability,"For every time instant in the first 1 to 3 time units consistently the value of x shall be in the outside of the range (649, 2347), and the value of L will be equaling to 2358 continuously.",always [1:3] (not (x > 649 and x < 2347) and L == 2358),"G[1,3] (! (x > 649 && x < 2347) && L == 2358)"
D39590,invariance_reachability,The value of tRq7kOKz_3 shall be between 0 (closed) and 6 (closed) consecutively in the future before the end of the execution.,always (tRq7kOKz_3 >= 0 and tRq7kOKz_3 <= 6),tRq7kOKz_3 >= 0 && tRq7kOKz_3 <= 6
D74755,invariance_reachability,The value of signal uzU_LHsEbb remains larger than 67 and less than 92 consistently in the future before the end of the simulation.,always (uzU_LHsEbb > 67 and uzU_LHsEbb < 92),uzU_LHsEbb > 67 && uzU_LHsEbb < 92
D29540,invariance_reachability,The value of signal aH5diWl will have to be less than or equal to 42 consistently in the future until the end of the simulation.,always (aH5diWl <= 42),aH5diWl <= 42
D35826,invariance_reachability,"At sometime within 1 time units, finally the value of signal t6hS0Z shall be greater than or equal to 681 and less than or equal to 1060 or the i09Y signal must be no larger than 5 finally.",eventually [0:1] ((t6hS0Z >= 681 and t6hS0Z <= 1060) or i09Y <= 5),"F[0,1] ((t6hS0Z >= 681 && t6hS0Z <= 1060) || i09Y <= 5)"
D22247,invariance_reachability,For every time point in the first 2 time units uninterruptedly the e9Vu signal should remain below 1.,always [0:2] (e9Vu < 1),"G[0,2] (e9Vu < 1)"
D22969,invariance_reachability,"At a time within 8 to 9 time units, the value of WYpGxHPK will have to be greater than 92 and lower than 93 finally.",eventually [8:9] (WYpGxHPK > 92 and WYpGxHPK < 93),"F[8,9] (WYpGxHPK > 92 && WYpGxHPK < 93)"
D105416,invariance_reachability,Without interruption the plZlMj signal will keep less than or equal to 1802 in the future before the end of the simulation.,always (plZlMj <= 1802),plZlMj <= 1802
D22702,invariance_reachability,Uninterruptedly vfT1QU will be remaining on 10 in the future till the simulation ends.,always (vfT1QU == 10),vfT1QU == 10
D4125,invariance_reachability,The value of Rgk8Bf ought to be higher than 6 consistently in the future until the execution ends.,always (Rgk8Bf > 6),Rgk8Bf > 6
D79249,invariance_reachability,"For the first 5 time units continuously OM oughtn't to be less than 17, and continuously hO ought to keep below 9.",always [0:5] (not (OM < 17) and hO < 9),"G[0,5] (! (OM < 17) && hO < 9)"
D71958,temporal_response,"In case that XjcjMgA5 is above 48.71, then the following condition must not be true: consistently the value of x isn't 53 for every time point in the next 10 time units.",always ( XjcjMgA5 > 48.71 -> not (always [0:10] (not (x == 53))) )," XjcjMgA5 > 48.71 -> ! (G[0,10] (! (x == 53))) "
D98585,temporal_response,If the hvK_TV3bw signal is 1 then the value of X9Nl9b_j won't keep greater than or equal to 8 uninterruptedly during the subsequent 2 to 7 time units.,always ( hvK_TV3bw == 1 -> not (always [2:7] (X9Nl9b_j >= 8)) )," hvK_TV3bw == 1 -> ! (G[2,7] (X9Nl9b_j >= 8)) "
D23838,temporal_response,"It is always the case that while the value of bc_A is smaller than 42, and KkX_QPSH is at least 78 and less than or equal to 99, then the condition that the value of hnv4 will be continuously keeping in the outside of the range (7, 9) in the next 8 to 9 time units oughtn't to be true.",always ( bc_A < 42 and (KkX_QPSH >= 78 and KkX_QPSH <= 99) -> not (always [8:9] (not (hnv4 > 7 and hnv4 < 9))) )," bc_A < 42 && (KkX_QPSH >= 78 && KkX_QPSH <= 99) -> ! (G[8,9] (! (hnv4 > 7 && hnv4 < 9))) "
D28512,temporal_response,"If the value of O4BjTGcb0M remains less than or equal to 6, then the following condition holds: there ought to exist a certain time point within the following 7 to 8 time units, at which the value of NVirVJ is eventually less than or equal to 1069, before that lR8Hk needs to continuously remain on 1832.",always ( O4BjTGcb0M <= 6 -> (lR8Hk == 1832) until [7:8] (NVirVJ <= 1069) )," O4BjTGcb0M <= 6 -> (lR8Hk == 1832) U[7,8] (NVirVJ <= 1069) "
D37148,temporal_response,"As soon as the value of signal wWk_ZohMA is greater than or equal to 3.4 and less than or equal to 9.4, then in response at sometime in the subsequent 4 time units, the _jNk0RI3A signal shall be finally 1, before this consecutively F will be remaining greater than or equal to 10.",always ( wWk_ZohMA >= 3.4 and wWk_ZohMA <= 9.4 -> (F >= 10) until [0:4] (_jNk0RI3A == 1) )," wWk_ZohMA >= 3.4 && wWk_ZohMA <= 9.4 -> (F >= 10) U[0,4] (_jNk0RI3A == 1) "
D40164,temporal_response,"While the Q3I signal is at most 86 then all of the following conditions are true: J49s3d will be greater than or equal to 36 and less than or equal to 79 and then shall consecutively remain like that until eventually Q is larger than 2570.13, which will get detected at a time in the next 5 to 9 time units.",always ( Q3I <= 86 -> (J49s3d >= 36 and J49s3d <= 79) until [5:9] (Q > 2570.13) )," Q3I <= 86 -> (J49s3d >= 36 && J49s3d <= 79) U[5,9] (Q > 2570.13) "
D7244,temporal_response,"In case that the MTqZJ1Z signal is greater than or equal to 924.2 then all of the following conditions hold: continuously the value of WzFFaw shall remain greater than or equal to 4.7 and less than or equal to 7.6 until BVr6yyRQ will be above 3 finally, which will have to be detected at a certain moment within the subsequent 7 time units.",always ( MTqZJ1Z >= 924.2 -> (WzFFaw >= 4.7 and WzFFaw <= 7.6) until [0:7] (BVr6yyRQ > 3) )," MTqZJ1Z >= 924.2 -> (WzFFaw >= 4.7 && WzFFaw <= 7.6) U[0,7] (BVr6yyRQ > 3) "
D25598,temporal_response,"In the case wRg is 5, then in response the subsequent condition won't be true: the value of LgsUDoE is between [7, 9) and consecutively this condition remains till the value of signal xrcNeQp is ultimately at least 3 and less than or equal to 8, which will be observed at a time during the next 1 time units.",always ( wRg == 5 -> not ((LgsUDoE >= 7 and LgsUDoE < 9) until [0:1] (xrcNeQp >= 3 and xrcNeQp <= 8)) )," wRg == 5 -> ! ((LgsUDoE >= 7 && LgsUDoE < 9) U[0,1] (xrcNeQp >= 3 && xrcNeQp <= 8)) "
D93401,temporal_response,If the value of signal _Kgl is larger than 3.6 and less than 7.44 then in response the condition that the uzN5EnyjNW signal will be at least 11 uninterruptedly until ultimately the value of signal xR remains greater than or equal to 96 at a certain time instant in the coming 4 to 7 time units ought not to be true.,always ( _Kgl > 3.6 and _Kgl < 7.44 -> not ((uzN5EnyjNW >= 11) until [4:7] (xR >= 96)) )," _Kgl > 3.6 && _Kgl < 7.44 -> ! ((uzN5EnyjNW >= 11) U[4,7] (xR >= 96)) "
D72449,temporal_response,"It is always the case that when continuously fPOOMTT will keep greater than 90.92 and smaller than 92.03 for each moment in the subsequent 8 to 10 time units then in response for at least 7 time units, oa3d must not always remain above 99 and smaller than 2992.",always ( always [8:10] (fPOOMTT > 90.92 and fPOOMTT < 92.03) -> not (always [0:7] (oa3d > 99 and oa3d < 2992)) )," G[8,10] (fPOOMTT > 90.92 && fPOOMTT < 92.03) -> ! (G[0,7] (oa3d > 99 && oa3d < 2992)) "
D62937,temporal_response,"In the case the value of signal Dcdba_ settles to 1133, then in response at any moment in the subsequent 3 to 8 time units the value of GA is never smaller than 9.",always ( Dcdba_ == 1133 -> not (eventually [3:8] (GA < 9)) )," Dcdba_ == 1133 -> ! (F[3,8] (GA < 9)) "
D95384,temporal_response,"On condition that the value of t26wml2 is at most 88.5, then w5V9 oughtn't to be 75.21 at sometime within 9 time units, and before this without interruption the l6_7Xc signal will remain at most 8.",always ( t26wml2 <= 88.5 -> (l6_7Xc <= 8) until [0:9] (not (w5V9 == 75.21)) )," t26wml2 <= 88.5 -> (l6_7Xc <= 8) U[0,9] (! (w5V9 == 75.21)) "
D35553,temporal_response,In the event that z is equal to 92 then in response the subsequent condition shan't be true: ultimately the B signal won't be smaller than 1.52 at a certain time point within the subsequent 8 time units.,always ( z == 92 -> not (eventually [0:8] (not (B < 1.52))) )," z == 92 -> ! (F[0,8] (! (B < 1.52))) "
D96919,temporal_response,"While the value of hRVB is equal to 64.0 then the condition that the vRD8PBZ signal always lingers in the outside of the range (8.49, 9.76) for every moment within the following 6 time units isn't true.",always ( hRVB == 64.0 -> not (always [0:6] (not (vRD8PBZ > 8.49 and vRD8PBZ < 9.76))) )," hRVB == 64.0 -> ! (G[0,6] (! (vRD8PBZ > 8.49 && vRD8PBZ < 9.76))) "
D86401,temporal_response,"Globally, everytime when the value of fYXE isn't less than or equal to 10, then in response the condition that the value of edm is less than or equal to 2.1 consistently until eventually the value of ocg3RcT is greater than or equal to 2294 at a certain time instant within 2 to 7 time units shan't be true.",always ( not (fYXE <= 10) -> not ((edm <= 2.1) until [2:7] (ocg3RcT >= 2294)) )," ! (fYXE <= 10) -> ! ((edm <= 2.1) U[2,7] (ocg3RcT >= 2294)) "
D76801,temporal_response,"In the case the value of signal qeOBl is more than 59, then all of the following conditions hold: LYdp is not below 9 then this condition will consistently keep till ultimately the value of p5YA is less than or equal to 3, which shall get observed at a certain moment during the first 5 time units.",always ( qeOBl > 59 -> (not (LYdp < 9)) until [0:5] (p5YA <= 3) )," qeOBl > 59 -> (! (LYdp < 9)) U[0,5] (p5YA <= 3) "
D93624,temporal_response,"On condition that the LoOIKXPq signal is equal to 1967.04, then in response the subsequent condition will not be true: the value of bpAb3y is less than 3 then this condition will be holding consistently until the OH6Qz signal will be 1, which will eventually get observed at a time within the next 4 time units.",always ( LoOIKXPq == 1967.04 -> not ((bpAb3y < 3) until [0:4] (OH6Qz == 1)) )," LoOIKXPq == 1967.04 -> ! ((bpAb3y < 3) U[0,4] (OH6Qz == 1)) "
D57130,temporal_response,"Globally, whenever the I_lW signal is over 7.84 and below 8.38, then in response the condition that continuously the value of signal VnN19yJppg will stay at most 52.2 until the value of signal _K is eventually smaller than 1 at sometime starting between 5 to 9 time units mustn't be true.",always ( I_lW > 7.84 and I_lW < 8.38 -> not ((VnN19yJppg <= 52.2) until [5:9] (_K < 1)) )," I_lW > 7.84 && I_lW < 8.38 -> ! ((VnN19yJppg <= 52.2) U[5,9] (_K < 1)) "
D76800,temporal_response,"Globally, during the interval that the value of TEZToCmWw is greater than 3.0 then the following condition holds: MzPR mustn't be smaller than 17 and then needs to uninterruptedly continue like that until the LgV8LW_h signal will be finally less than or equal to 0, which gets detected at a certain time instant within 3 time units.",always ( TEZToCmWw > 3.0 -> (not (MzPR < 17)) until [0:3] (LgV8LW_h <= 0) )," TEZToCmWw > 3.0 -> (! (MzPR < 17)) U[0,3] (LgV8LW_h <= 0) "
D37356,temporal_response,"Globally, if the value of eNf is at most 47, then the HMLuA6Xzg signal should be greater than or equal to 8.78 and then needs to remain like this till the value of signal j88cW is equal to 1, which shall get detected at sometime within the coming 2 to 3 time units eventually.",always ( eNf <= 47 -> (HMLuA6Xzg >= 8.78) until [2:3] (j88cW == 1) )," eNf <= 47 -> (HMLuA6Xzg >= 8.78) U[2,3] (j88cW == 1) "
D58216,temporal_response,"Globally, in case that y3OsM is below 7, then all of the following conditions hold: yayg needs to be equal to 5 and then should stay like that all the time till ultimately there will exist a certain time point within the subsequent 5 time units, at which WA will be above 10.",always ( y3OsM < 7 -> (yayg == 5) until [0:5] (WA > 10) )," y3OsM < 7 -> (yayg == 5) U[0,5] (WA > 10) "
D71187,temporal_response,"It is always the case that everytime when the value of signal BT is 34 then all of the following conditions hold: g ought to be less than or equal to 8.57 and has to continuously remain like that till the value of signal Y7v4NZZSZA is not less than 7, which must get observed at a certain time instant within the following 8 time units.",always ( BT == 34 -> (g <= 8.57) until [0:8] (not (Y7v4NZZSZA < 7)) )," BT == 34 -> (g <= 8.57) U[0,8] (! (Y7v4NZZSZA < 7)) "
D85001,temporal_response,"Globally, whenever the value of signal LqisMA6a is larger than 34, then the pZthjtS signal stays at 9 without interruption until the value of OHhh is equal to 21, which will have to ultimately get detected at a certain time point in the next 5 time units.",always ( LqisMA6a > 34 -> (pZthjtS == 9) until [0:5] (OHhh == 21) )," LqisMA6a > 34 -> (pZthjtS == 9) U[0,5] (OHhh == 21) "
D84980,temporal_response,"Everytime when for at least 5 time units, consistently the value of ET is not greater than or equal to 1.72, then in response the subsequent condition shan't be true: the value of signal Ixt7RZ82wA is higher than 7 then this scenario will consecutively keep till the value of signal g is less than 2113 finally, which is detected at a certain time instant during the subsequent 3 to 8 time units.",always ( always [0:5] (not (ET >= 1.72)) -> not ((Ixt7RZ82wA > 7) until [3:8] (g < 2113)) )," G[0,5] (! (ET >= 1.72)) -> ! ((Ixt7RZ82wA > 7) U[3,8] (g < 2113)) "
D88322,temporal_response,"In the case the value of signal d keeps higher than 1357.3 and smaller than 2925.9, and the value of signal _9EH is at least 8 then there should not be anytime after at most 8 time units, at which the TsT4ALLK signal will be smaller than 0.45.",always ( (d > 1357.3 and d < 2925.9) and _9EH >= 8 -> not (eventually [0:8] (TsT4ALLK < 0.45)) )," (d > 1357.3 && d < 2925.9) && _9EH >= 8 -> ! (F[0,8] (TsT4ALLK < 0.45)) "
D93402,temporal_response,"Globally, if the value of signal EbJfqlL is larger than 10 and less than 29, then the condition that the value of KkUvs3bn will stay no less than 2.2 without interruption till X5 eventually keeps greater than or equal to 65 at a certain moment during the following 5 to 7 time units oughtn't to be true.",always ( EbJfqlL > 10 and EbJfqlL < 29 -> not ((KkUvs3bn >= 2.2) until [5:7] (X5 >= 65)) )," EbJfqlL > 10 && EbJfqlL < 29 -> ! ((KkUvs3bn >= 2.2) U[5,7] (X5 >= 65)) "
D47249,temporal_response,"It is always the case that in case that Fe is greater than or equal to 34, then there will have to exist a certain moment within the subsequent 8 to 10 time units finally, at which the value of Pi will have to remain equal to 5, and until then the value of signal wwZh1ayhMn needs to stay larger than 55 uninterruptedly.",always ( Fe >= 34 -> (wwZh1ayhMn > 55) until [8:10] (Pi == 5) )," Fe >= 34 -> (wwZh1ayhMn > 55) U[8,10] (Pi == 5) "
D11270,temporal_response,"Everytime when hQWSn is 841 then all of the following conditions are true: the BnPvYJbZK signal must be above 5.82 and less than 6.16 and then this condition shall always keep till at a certain time point in the first 1 time units, the value of signal m_EBe is eventually greater than or equal to 97.5.",always ( hQWSn == 841 -> (BnPvYJbZK > 5.82 and BnPvYJbZK < 6.16) until [0:1] (m_EBe >= 97.5) )," hQWSn == 841 -> (BnPvYJbZK > 5.82 && BnPvYJbZK < 6.16) U[0,1] (m_EBe >= 97.5) "
D46810,temporal_response,"Globally, if the value of signal NtNViL is 2, then in response the value of signal I9IdDtT will have to be 1 then this scenario will have to last consecutively until SgysNkPBG eventually stays less than 4.1, which ought to get detected at sometime during the coming 4 time units.",always ( NtNViL == 2 -> (I9IdDtT == 1) until [0:4] (SgysNkPBG < 4.1) )," NtNViL == 2 -> (I9IdDtT == 1) U[0,4] (SgysNkPBG < 4.1) "
D81306,temporal_response,"Globally, during the interval that the value of vxkCTpBRt is out of the range (633, 2731], then all of the following conditions are true: the xpS signal is higher than 8 and less than 10 then this scenario ought to continue uninterruptedly till ultimately l2Vcpc will be below 2, which ought to be detected at a certain time point in the next 7 time units.",always ( not (vxkCTpBRt > 633 and vxkCTpBRt <= 2731) -> (xpS > 8 and xpS < 10) until [0:7] (l2Vcpc < 2) )," ! (vxkCTpBRt > 633 && vxkCTpBRt <= 2731) -> (xpS > 8 && xpS < 10) U[0,7] (l2Vcpc < 2) "
D18673,temporal_response,"It is always the case that everytime when the value of signal C7I0l0 keeps equal to 8, then the following condition holds: finally there has to exist a certain time point in the coming 1 time units, at which the value of yttIT0Mo should be bigger than 3.5, and before this the value of lPPVUUx should be always at least 1 and less than or equal to 7.",always ( C7I0l0 == 8 -> (lPPVUUx >= 1 and lPPVUUx <= 7) until [0:1] (yttIT0Mo > 3.5) )," C7I0l0 == 8 -> (lPPVUUx >= 1 && lPPVUUx <= 7) U[0,1] (yttIT0Mo > 3.5) "
D68409,temporal_response,"When I is less than 5.5, then the value of signal MB2 will have to finally stay less than or equal to 3.9 at a time in the first 6 to 7 time units, till then the SI signal will have to stay less than 7 consistently.",always ( I < 5.5 -> (SI < 7) until [6:7] (MB2 <= 3.9) )," I < 5.5 -> (SI < 7) U[6,7] (MB2 <= 3.9) "
D98586,temporal_response,In the case the i24cII2kQd signal is set to 0 then the condition that the ZU signal will continuously remain no less than 4 for each time point in the first 3 to 6 time units will not be true.,always ( i24cII2kQd == 0 -> not (always [3:6] (ZU >= 4)) )," i24cII2kQd == 0 -> ! (G[3,6] (ZU >= 4)) "
D83468,temporal_response,"It is always the case that everytime when the value of KN9 is above 74, then all of the following conditions hold: the value of zlhlsCsZ needs to be eventually less than or equal to 77.61 at a time during the next 2 to 10 time units, and before this the Mu9 signal will consistently remain equal to 749.",always ( KN9 > 74 -> (Mu9 == 749) until [2:10] (zlhlsCsZ <= 77.61) )," KN9 > 74 -> (Mu9 == 749) U[2,10] (zlhlsCsZ <= 77.61) "
D46814,temporal_response,"While the value of s1paI is 639, then the following condition holds: KIh is equal to 1 and ought to continue like this consecutively until ZngzU eventually keeps less than 2252, which must be observed at a time in the subsequent 10 time units.",always ( s1paI == 639 -> (KIh == 1) until [0:10] (ZngzU < 2252) )," s1paI == 639 -> (KIh == 1) U[0,10] (ZngzU < 2252) "
D29478,temporal_response,"On condition that the value of V is larger than 387, and the value of r is no less than 90 then in response the condition that MXZOVH0n will be keeping larger than 0 continuously within 3 time units isn't true.",always ( V > 387 and r >= 90 -> not (always [0:3] (MXZOVH0n > 0)) )," V > 387 && r >= 90 -> ! (G[0,3] (MXZOVH0n > 0)) "
D35788,temporal_response,"Globally, while the value of signal ML3 is no more than 5, and the value of TGMqDfE is at least 10 then the following condition shall not be true: the value of signal _RYF0F4DHs will not be equal to 37 finally at a time starting at most 8 time units.",always ( ML3 <= 5 and TGMqDfE >= 10 -> not (eventually [0:8] (not (_RYF0F4DHs == 37))) )," ML3 <= 5 && TGMqDfE >= 10 -> ! (F[0,8] (! (_RYF0F4DHs == 37))) "
D1941,temporal_response,"Whenever the value of P5zDnMSk is higher than 64 and smaller than 68 then in response there should not be any time instant within 2 time units, at which lQ47M7TPua remains above 81.4 and below 81.9.",always ( P5zDnMSk > 64 and P5zDnMSk < 68 -> not (eventually [0:2] (lQ47M7TPua > 81.4 and lQ47M7TPua < 81.9)) )," P5zDnMSk > 64 && P5zDnMSk < 68 -> ! (F[0,2] (lQ47M7TPua > 81.4 && lQ47M7TPua < 81.9)) "
D88799,temporal_response,"When the value of signal wyiguL isn't 2, then all of the following conditions hold: the IbaKhra signal will be ultimately smaller than 0 at a time within the next 6 time units, before this uninterruptedly ANZAkE0 shall remain larger than 6.",always ( not (wyiguL == 2) -> (ANZAkE0 > 6) until [0:6] (IbaKhra < 0) )," ! (wyiguL == 2) -> (ANZAkE0 > 6) U[0,6] (IbaKhra < 0) "
D37355,temporal_response,"Globally, everytime when the value of signal D7B is less than or equal to 4, then the following condition is true: NCXqSvlymN stays greater than or equal to 86 uninterruptedly till the value of signal PChYrz19 is ultimately 7, which should be observed at a time in the subsequent 5 to 7 time units.",always ( D7B <= 4 -> (NCXqSvlymN >= 86) until [5:7] (PChYrz19 == 7) )," D7B <= 4 -> (NCXqSvlymN >= 86) U[5,7] (PChYrz19 == 7) "
D95113,temporal_response,"It is always the case that if the value of vjgbVCSu equals to 9.1, then the value of signal D5 will not be over 1 and less than 6 at any time instant in the coming 2 time units.",always ( vjgbVCSu == 9.1 -> not (eventually [0:2] (D5 > 1 and D5 < 6)) )," vjgbVCSu == 9.1 -> ! (F[0,2] (D5 > 1 && D5 < 6)) "
D88323,temporal_response,"It is always the case that in case that the value of signal zQueJH8 keeps higher than 2427 and smaller than 2616 and C9R5Mv3GT is greater than or equal to 1808 then at anytime within the next 2 time units, the value of signal t85VLE must not be less than 68.4.",always ( (zQueJH8 > 2427 and zQueJH8 < 2616) and C9R5Mv3GT >= 1808 -> not (eventually [0:2] (t85VLE < 68.4)) )," (zQueJH8 > 2427 && zQueJH8 < 2616) && C9R5Mv3GT >= 1808 -> ! (F[0,2] (t85VLE < 68.4)) "
D35554,temporal_response,"When the value of jiK keeps equal to 19, then the following condition won't be true: there exists sometime in less than 4 time units ultimately, at which pNDFkgs will not be smaller than 28.",always ( jiK == 19 -> not (eventually [0:4] (not (pNDFkgs < 28))) )," jiK == 19 -> ! (F[0,4] (! (pNDFkgs < 28))) "
D50170,temporal_response,"Globally, during the interval that the value of signal NUW9D7 is not at most 83 then all of the following conditions hold: at a certain moment within the first 3 to 7 time units, the value of nXvCxom1aa ought to be finally above 9, before this JKy2y shall continuously stay larger than 5.67.",always ( not (NUW9D7 <= 83) -> (JKy2y > 5.67) until [3:7] (nXvCxom1aa > 9) )," ! (NUW9D7 <= 83) -> (JKy2y > 5.67) U[3,7] (nXvCxom1aa > 9) "
D28511,temporal_response,"Globally, while the YQKniEK_ signal remains no more than 8, then the following condition is true: the cvJNpZQ8Sq signal has to be equal to 10 and then this condition will be consecutively continuing till there will exist a time within the next 3 to 9 time units, at which eventually ecb is less than or equal to 1265.",always ( YQKniEK_ <= 8 -> (cvJNpZQ8Sq == 10) until [3:9] (ecb <= 1265) )," YQKniEK_ <= 8 -> (cvJNpZQ8Sq == 10) U[3,9] (ecb <= 1265) "
D93621,temporal_response,"It is always the case that everytime when ms68Zq is 0.71, then the subsequent condition is not true: qG0 will be always staying lower than 97 until the value of signal Oqzr4F is equal to 1, which is detected at a certain time instant in the following 5 time units finally.",always ( ms68Zq == 0.71 -> not ((qG0 < 97) until [0:5] (Oqzr4F == 1)) )," ms68Zq == 0.71 -> ! ((qG0 < 97) U[0,5] (Oqzr4F == 1)) "
D57132,temporal_response,"Globally, if the MoeEwmQu3U signal is over 98 and below 100, then the subsequent condition must not be true: vOHnh is less than or equal to 49 and this scenario will be consistently keeping until at a certain moment within the next 7 to 9 time units, the value of signal I6 stays below 26.",always ( MoeEwmQu3U > 98 and MoeEwmQu3U < 100 -> not ((vOHnh <= 49) until [7:9] (I6 < 26)) )," MoeEwmQu3U > 98 && MoeEwmQu3U < 100 -> ! ((vOHnh <= 49) U[7,9] (I6 < 26)) "
D7242,temporal_response,"Globally, during the interval that the value of signal TJqoYV is greater than or equal to 70, then the value of signal _V will be within the closed interval [1584, 1961] and then this scenario should sustain uninterruptedly till eventually there exists a time in the following 9 time units, at which the value of signal cPxA3Q_eY will be bigger than 9.",always ( TJqoYV >= 70 -> (_V >= 1584 and _V <= 1961) until [0:9] (cPxA3Q_eY > 9) )," TJqoYV >= 70 -> (_V >= 1584 && _V <= 1961) U[0,9] (cPxA3Q_eY > 9) "
D11274,temporal_response,"While C_sWl is 9.9 then the following condition is true: there ought to be a time during the following 9 time units, at which the SL_ signal will be greater than or equal to 68 ultimately, till then the value of RS should stay larger than 252 and smaller than 1203 consecutively.",always ( C_sWl == 9.9 -> (RS > 252 and RS < 1203) until [0:9] (SL_ >= 68) )," C_sWl == 9.9 -> (RS > 252 && RS < 1203) U[0,9] (SL_ >= 68) "
D25595,temporal_response,"During the interval that the value of signal WLuLx is 6.8, then the condition that tkpVNXEg will be consistently staying greater than or equal to 2398 and below 2537 till the qLq9s signal is in the closed interval [7.9, 9.7] ultimately at a certain time instant within 9 time units mustn't be true.",always ( WLuLx == 6.8 -> not ((tkpVNXEg >= 2398 and tkpVNXEg < 2537) until [0:9] (qLq9s >= 7.9 and qLq9s <= 9.7)) )," WLuLx == 6.8 -> ! ((tkpVNXEg >= 2398 && tkpVNXEg < 2537) U[0,9] (qLq9s >= 7.9 && qLq9s <= 9.7)) "
D90648,temporal_response,"It is always the case that in case that GuoZDlf is at most 8.1 then in response the value of signal x05GHOhIY must be set to 73 and ought to hold like this consecutively till xU7G5Nq5KM will be less than 83.1, which needs to be eventually observed at a certain time point in the first 11 time units.",always ( GuoZDlf <= 8.1 -> (x05GHOhIY == 73) until [0:11] (xU7G5Nq5KM < 83.1) )," GuoZDlf <= 8.1 -> (x05GHOhIY == 73) U[0,11] (xU7G5Nq5KM < 83.1) "
D4487,temporal_response,"It is always the case that while the value of IG is not equal to 9 then the following condition is true: there must be sometime within 4 time units, at which ultimately the mBxBsrEqt signal needs to be greater than 2 and less than 8, until then the value of signal QWceAJQt needs to continuously stay greater than or equal to 60.",always ( not (IG == 9) -> (QWceAJQt >= 60) until [0:4] (mBxBsrEqt > 2 and mBxBsrEqt < 8) )," ! (IG == 9) -> (QWceAJQt >= 60) U[0,4] (mBxBsrEqt > 2 && mBxBsrEqt < 8) "
D76386,temporal_response,"Globally, everytime when the Tv0U239Duf signal settles to 0.1 then in response the value of rJbigfZw ought to be at least 2 and at most 10 consistently until there exists a certain time point during the subsequent 6 time units, at which X3ZM is higher than 71 ultimately.",always ( Tv0U239Duf == 0.1 -> (rJbigfZw >= 2 and rJbigfZw <= 10) until [0:6] (X3ZM > 71) )," Tv0U239Duf == 0.1 -> (rJbigfZw >= 2 && rJbigfZw <= 10) U[0,6] (X3ZM > 71) "
D83469,temporal_response,"While the value of BM85iWdX is over 958 then the following condition is true: there will have to be a certain moment during the subsequent 5 to 6 time units, at which ultimately the value of signal p2ExYYCJb needs to be less than or equal to 0, before that the fxOYif signal should consecutively remain on 10.",always ( BM85iWdX > 958 -> (fxOYif == 10) until [5:6] (p2ExYYCJb <= 0) )," BM85iWdX > 958 -> (fxOYif == 10) U[5,6] (p2ExYYCJb <= 0) "
D72051,temporal_response,"Globally, everytime when for each moment in the following 6 time units bUTVVvg will not be continuously equal to 0, then the following condition holds: there must exist a time in the next 8 to 10 time units, at which the value of signal N has to be finally higher than 24.5, till then uninterruptedly the value of LNG ought never to be 58.",always ( not (always [0:6] (bUTVVvg == 0)) -> (not (LNG == 58)) until [8:10] (N > 24.5) )," ! (G[0,6] (bUTVVvg == 0)) -> (! (LNG == 58)) U[8,10] (N > 24.5) "
D79256,temporal_response,It is always the case that everytime when the G signal is greater than or equal to 72 then all of the following conditions are true: FUYoi ought to be less than or equal to 910 and then this condition should always remain till the value of signal A9GAxs is over 40 and lower than 51 finally at a certain time instant during the coming 2 time units.,always ( G >= 72 -> (FUYoi <= 910) until [0:2] (A9GAxs > 40 and A9GAxs < 51) )," G >= 72 -> (FUYoi <= 910) U[0,2] (A9GAxs > 40 && A9GAxs < 51) "
D112065,temporal_response,While the rhg signal is higher than 4 and below 7 then in response at anytime starting at most 5 time units the value of signal RJZdjfL should not be less than or equal to 47.,always ( rhg > 4 and rhg < 7 -> not (eventually [0:5] (RJZdjfL <= 47)) )," rhg > 4 && rhg < 7 -> ! (F[0,5] (RJZdjfL <= 47)) "
D1942,temporal_response,"Globally, while the value of QQ13G_ is higher than 5.7 and smaller than 6.4, then in response for any time point within the following 10 time units the sq3 signal shall not be between the interval (4, 7).",always ( QQ13G_ > 5.7 and QQ13G_ < 6.4 -> not (eventually [0:10] (sq3 > 4 and sq3 < 7)) )," QQ13G_ > 5.7 && QQ13G_ < 6.4 -> ! (F[0,10] (sq3 > 4 && sq3 < 7)) "
D20565,temporal_response,"Globally, during the interval that tWlwB9Ael equals to 47, and bIsqbNy is lower than 1.15, then for any time point in the following 9 time units, the lJYS signal is not no less than 1.3.",always ( tWlwB9Ael == 47 and bIsqbNy < 1.15 -> not (eventually [0:9] (lJYS >= 1.3)) )," tWlwB9Ael == 47 && bIsqbNy < 1.15 -> ! (F[0,9] (lJYS >= 1.3)) "
D93403,temporal_response,"In case that the value of signal sCX is larger than 8 and less than 10, then in response the condition that the value of acjs will be no less than 427.39 until the value of signal MUbMwH ultimately remains greater than or equal to 1042 at a time during the first 8 to 10 time units is not true.",always ( sCX > 8 and sCX < 10 -> not ((acjs >= 427.39) until [8:10] (MUbMwH >= 1042)) )," sCX > 8 && sCX < 10 -> ! ((acjs >= 427.39) U[8,10] (MUbMwH >= 1042)) "
