case,context,candidates,tau,kept,active_instants,coverage_G,coverage_topk,coverage_random,fidelity_G,coverage_SD_one_kept
WaterTanks,TankEmptying_OpenValve,46,0.5,6,421,0.997624703087886,0.997624703087886,0.41135391923990505,0.28551653869212323,0.9904988123515439
WaterTanks,TankEmptying_OpenValve,46,0.6,6,421,1.0,0.997624703087886,0.37163895486935866,0.2355165386921232,0.9904988123515439
WaterTanks,TankEmptying_OpenValve,46,0.7,8,421,1.0,0.997624703087886,0.44940617577197123,0.33782442669346296,0.9904988123515439
WaterTanks,TankEmptying_OpenValve,46,0.8,11,421,1.0,1.0,0.6976722090261285,0.4691617585052837,0.9904988123515439
WaterTanks,TankEmptying_OpenValve,46,0.85,14,421,1.0,1.0,0.7180047505938245,0.6926829329805386,0.9904988123515439
WaterTanks,TankEmptying_OpenValve,46,0.9,19,421,1.0,1.0,0.6957719714964372,0.6697229822979224,0.9904988123515439
WaterTanks,TankEmptying_OpenValve,46,0.95,31,421,1.0,1.0,0.9690261282660334,0.6219954648526077,0.9904988123515439
WaterTanks,TankEmptying_OpenValve,46,0.99,40,421,1.0,1.0,0.9874584323040382,0.5549886621315193,0.9904988123515439
WaterTanks,TankEmptying_OpenValve,46,1.0,46,421,1.0,1.0,1.0,1.0,0.9904988123515439
Heater,threshold_heater_off,7,0.5,5,108,1.0,1.0,0.8866666666666666,0.6666666666666666,1.0
Heater,threshold_heater_off,7,0.6,5,108,1.0,1.0,0.9133333333333333,0.6666666666666666,1.0
Heater,threshold_heater_off,7,0.7,5,108,1.0,1.0,0.9266666666666665,0.6666666666666666,1.0
Heater,threshold_heater_off,7,0.8,6,108,1.0,1.0,0.96,0.6666666666666666,1.0
Heater,threshold_heater_off,7,0.85,6,108,1.0,1.0,0.9533333333333333,0.6666666666666666,1.0
Heater,threshold_heater_off,7,0.9,6,108,1.0,1.0,0.9666666666666667,0.6666666666666666,1.0
Heater,threshold_heater_off,7,0.95,6,108,1.0,1.0,0.9599999999999997,0.6666666666666666,1.0
Heater,threshold_heater_off,7,0.99,6,108,1.0,1.0,0.94,0.6666666666666666,1.0
Heater,threshold_heater_off,7,1.0,7,108,1.0,1.0,1.0,1.0,1.0
Heater,threshold_heateron,5,0.5,2,7,0.0,0.0,0.68,0.3333333333333333,0.0
Heater,threshold_heateron,5,0.6,3,7,1.0,0.0,0.84,0.5,0.0
Heater,threshold_heateron,5,0.7,3,7,1.0,0.0,0.82,0.5,0.0
Heater,threshold_heateron,5,0.8,3,7,1.0,0.0,0.92,0.5,0.0
Heater,threshold_heateron,5,0.85,3,7,1.0,0.0,0.94,0.5,0.0
Heater,threshold_heateron,5,0.9,4,7,1.0,1.0,1.0,1.0,0.0
Heater,threshold_heateron,5,0.95,5,7,1.0,1.0,1.0,1.0,0.0
Heater,threshold_heateron,5,0.99,5,7,1.0,1.0,1.0,1.0,0.0
Heater,threshold_heateron,5,1.0,5,7,1.0,1.0,1.0,1.0,0.0
Gearbox,theta_increasing,83,0.5,4,445,0.9865168539325843,0.9865168539325843,0.39748314606741575,0.37436441457243896,0.9865168539325843
Gearbox,theta_increasing,83,0.6,4,445,0.9865168539325843,0.9865168539325843,0.4156404494382023,0.37436441457243896,0.9865168539325843
Gearbox,theta_increasing,83,0.7,5,445,1.0,0.9865168539325843,0.4647191011235956,0.3769630394814231,0.9865168539325843
Gearbox,theta_increasing,83,0.8,5,445,1.0,0.9865168539325843,0.4016179775280898,0.3769630394814231,0.9865168539325843
Gearbox,theta_increasing,83,0.85,6,445,1.0,0.9865168539325843,0.49276404494382037,0.3798174244275032,0.9865168539325843
Gearbox,theta_increasing,83,0.9,6,445,1.0,0.9865168539325843,0.48853932584269655,0.4132488222501228,0.9865168539325843
Gearbox,theta_increasing,83,0.95,9,445,1.0,0.9865168539325843,0.5707865168539326,0.4212184986123189,0.9865168539325843
Gearbox,theta_increasing,83,0.99,12,445,1.0,0.9865168539325843,0.5916404494382022,0.6043015232491773,0.9865168539325843
Gearbox,theta_increasing,83,1.0,83,445,1.0,1.0,1.0,1.0,0.9865168539325843
Gearbox,threshold_gear4,83,0.5,4,104,1.0,1.0,0.22769230769230758,0.24292746634518794,0.46153846153846156
Gearbox,threshold_gear4,83,0.6,6,104,1.0,1.0,0.3253846153846154,0.2712533498247785,0.46153846153846156
Gearbox,threshold_gear4,83,0.7,12,104,1.0,1.0,0.48615384615384616,0.3255868544600938,0.46153846153846156
Gearbox,threshold_gear4,83,0.8,19,104,1.0,1.0,0.556923076923077,0.3559895833333332,0.46153846153846156
Gearbox,threshold_gear4,83,0.85,23,104,1.0,1.0,0.5907692307692309,0.4047222222222221,0.46153846153846156
Gearbox,threshold_gear4,83,0.9,27,104,1.0,1.0,0.6546153846153847,0.43749999999999983,0.46153846153846156
Gearbox,threshold_gear4,83,0.95,40,104,1.0,1.0,0.7330769230769234,0.38410852713178295,0.46153846153846156
Gearbox,threshold_gear4,83,0.99,51,104,1.0,1.0,0.8153846153846159,0.3484375,0.46153846153846156
Gearbox,threshold_gear4,83,1.0,83,104,1.0,1.0,1.0,1.0,0.46153846153846156
ControlledPU,Transmission gear 4,165,0.5,9,88,0.8181818181818182,0.5909090909090909,0.6109090909090906,0.21988581219350478,0.5
ControlledPU,Transmission gear 4,165,0.6,11,88,0.8181818181818182,0.5909090909090909,0.6927272727272729,0.3333374958374962,0.5
ControlledPU,Transmission gear 4,165,0.7,20,88,0.9545454545454546,0.6363636363636364,0.7672727272727273,0.3797712632195398,0.5
ControlledPU,Transmission gear 4,165,0.8,32,88,0.9545454545454546,0.8636363636363636,0.8509090909090911,0.49185864261052265,0.5
ControlledPU,Transmission gear 4,165,0.85,45,88,0.9545454545454546,0.8636363636363636,0.8981818181818183,0.5084574222074228,0.5
ControlledPU,Transmission gear 4,165,0.9,64,88,1.0,0.8636363636363636,0.9218181818181818,0.538446701813039,0.5
ControlledPU,Transmission gear 4,165,0.95,93,88,1.0,0.8636363636363636,0.956363636363636,0.4998812530062534,0.5
ControlledPU,Transmission gear 4,165,0.99,138,88,1.0,1.0,0.9845454545454543,0.354028379028379,0.5
ControlledPU,Transmission gear 4,165,1.0,165,88,1.0,1.0,1.0,1.0,0.5
ControlledPU,speed increasing,185,0.5,6,76,1.0,1.0,0.6673684210526315,0.33199425211333505,1.0
ControlledPU,speed increasing,185,0.6,14,76,1.0,1.0,0.7947368421052629,0.34827833583604645,1.0
ControlledPU,speed increasing,185,0.7,21,76,1.0,1.0,0.8789473684210524,0.4461845234711091,1.0
ControlledPU,speed increasing,185,0.8,28,76,1.0,1.0,0.9115789473684209,0.49032151500304366,1.0
ControlledPU,speed increasing,185,0.85,39,76,1.0,1.0,0.9547368421052629,0.6228061702376774,1.0
ControlledPU,speed increasing,185,0.9,52,76,1.0,1.0,0.9694736842105257,0.6752331002331005,1.0
ControlledPU,speed increasing,185,0.95,78,76,1.0,1.0,0.9852631578947366,0.8004531294250918,1.0
ControlledPU,speed increasing,185,0.99,136,76,1.0,1.0,0.9989473684210526,0.7486858379715527,1.0
ControlledPU,speed increasing,185,1.0,185,76,1.0,1.0,1.0,1.0,1.0
EngineTiming,EngineSpeed,6,0.5,3,1841,1.0,0.9983704508419338,0.9350461705594784,0.47578668083827935,0.9972840847365562
EngineTiming,EngineSpeed,6,0.6,3,1841,1.0,0.9983704508419338,0.9459532862574684,0.47578668083827935,0.9972840847365562
EngineTiming,EngineSpeed,6,0.7,3,1841,1.0,0.9983704508419338,0.9439000543183055,0.47578668083827935,0.9972840847365562
EngineTiming,EngineSpeed,6,0.8,3,1841,1.0,0.9983704508419338,0.9664964693101575,0.47578668083827935,0.9972840847365562
EngineTiming,EngineSpeed,6,0.85,3,1841,1.0,0.9983704508419338,0.9455404671374252,0.47578668083827935,0.9972840847365562
EngineTiming,EngineSpeed,6,0.9,3,1841,1.0,0.9983704508419338,0.9783813145029877,0.47578668083827935,0.9972840847365562
EngineTiming,EngineSpeed,6,0.95,5,1841,1.0,0.9983704508419338,0.9987615426398695,0.9961832061068703,0.9972840847365562
EngineTiming,EngineSpeed,6,0.99,5,1841,1.0,0.9983704508419338,0.9974579033134163,0.9961832061068703,0.9972840847365562
EngineTiming,EngineSpeed,6,1.0,6,1841,1.0,1.0,1.0,1.0,0.9972840847365562
FuelControl,EngineSpeed,371,0.5,15,194390,0.9727095015175677,0.919630639436185,0.5761899274654045,0.30467865702700553,0.6528319357991667
FuelControl,EngineSpeed,371,0.6,18,194390,0.9776686043520757,0.919630639436185,0.6536816708678428,0.31692258088323527,0.6528319357991667
FuelControl,EngineSpeed,371,0.7,33,194390,0.9877720047327537,0.919630639436185,0.7079287000360099,0.34579892497925774,0.6528319357991667
FuelControl,EngineSpeed,371,0.8,59,194390,0.987838880600854,0.9196512166263696,0.87887689695972,0.3736897849012543,0.6528319357991667
FuelControl,EngineSpeed,371,0.85,85,194390,0.987838880600854,0.9196512166263696,0.9235690107515818,0.38816941030831975,0.6528319357991667
FuelControl,EngineSpeed,371,0.9,127,194390,0.987838880600854,0.931853490405885,0.9507018879571995,0.4643028655511055,0.6528319357991667
FuelControl,EngineSpeed,371,0.95,220,194390,1.0,0.999969134214723,0.9744655589279284,0.4495265766099659,0.6528319357991667
FuelControl,EngineSpeed,371,0.99,362,194390,1.0,1.0,0.998689130099285,0.3705597983856179,0.6528319357991667
FuelControl,EngineSpeed,371,1.0,371,194390,1.0,1.0,1.0,1.0,0.6528319357991667
