id,in_fragment,in_fragment_derived,reason,T,n_vars,self_status,self_seconds,self_G,perturbed_status,perturbed_seconds,perturbed_G,stated,discretised
AT1,True,True,,20,1,ok,0.014,1.0000,ok,0.019,0.9763,"G[0,20](speed < 120)","G[0,20](speed < 120)"
AT2,True,True,,10,1,ok,0.005,1.0000,ok,0.009,0.9762,"G[0,10](rpm < 4750)","G[0,10](rpm < 4750)"
AT51,True,True,,34,1,ok,0.193,1.0000,timeout,,,"G[0,30]((!(gear==1) && F[0.001,0.1](gear==1)) -> F[0.001,0.1] G[0,2.5](gear==1))","G[0,30]((!(gear==1) && F[0,1](gear==1)) -> F[0,1] G[0,3](gear==1))"
AT52,True,True,,34,1,ok,0.186,1.0000,timeout,,,"G[0,30]((!(gear==2) && F[0.001,0.1](gear==2)) -> F[0.001,0.1] G[0,2.5](gear==2))","G[0,30]((!(gear==2) && F[0,1](gear==2)) -> F[0,1] G[0,3](gear==2))"
AT53,True,True,,34,1,ok,0.188,1.0000,timeout,,,"G[0,30]((!(gear==3) && F[0.001,0.1](gear==3)) -> F[0.001,0.1] G[0,2.5](gear==3))","G[0,30]((!(gear==3) && F[0,1](gear==3)) -> F[0,1] G[0,3](gear==3))"
AT54,True,True,,34,1,ok,0.293,1.0000,timeout,,,"G[0,30]((!(gear==4) && F[0.001,0.1](gear==4)) -> F[0.001,0.1] G[0,2.5](gear==4))","G[0,30]((!(gear==4) && F[0,1](gear==4)) -> F[0,1] G[0,3](gear==4))"
AT6a,True,True,,30,2,ok,0.081,1.0000,ok,0.385,0.7477,"(G[0,30](rpm < 3000)) -> (G[0,4](speed < 35))","(G[0,30](rpm < 3000)) -> (G[0,4](speed < 35))"
AT6b,True,True,,30,2,ok,0.099,1.0000,ok,0.821,0.7476,"(G[0,30](rpm < 3000)) -> (G[0,8](speed < 50))","(G[0,30](rpm < 3000)) -> (G[0,8](speed < 50))"
AT6c,True,True,,30,2,ok,0.280,1.0000,ok,1.664,0.7474,"(G[0,30](rpm < 3000)) -> (G[0,20](speed < 65))","(G[0,30](rpm < 3000)) -> (G[0,20](speed < 65))"
AT6abc,True,True,,30,2,ok,0.314,1.0000,ok,56.326,0.7474,"((G[0,30](rpm < 3000)) -> (G[0,4](speed < 35))) && ((G[0,30](rpm < 3000)) -> (G[0,8](speed < 50))) && ((G[0,30](rpm < 3000)) -> (G[0,20](speed < 65)))","((G[0,30](rpm < 3000)) -> (G[0,4](speed < 35))) && ((G[0,30](rpm < 3000)) -> (G[0,8](speed < 50))) && ((G[0,30](rpm < 3000)) -> (G[0,20](speed < 65)))"
AFC27,True,True,,55,2,ok,16.764,1.0000,timeout,,,"G[11,50]((((theta < 8.8) && F[0,0.05](theta > 40.0)) || ((theta > 40.0) && F[0,0.05](theta < 8.8))) -> G[1,5](mu > -0.008 && mu < 0.008))","G[11,50]((((theta < 8.8) && F[0,1](theta > 40.0)) || ((theta > 40.0) && F[0,1](theta < 8.8))) -> G[1,5](mu > -0.008 && mu < 0.008))"
AFC29,True,True,,50,1,ok,0.090,1.0000,ok,0.111,0.9626,"G[11,50](mu > -0.007 && mu < 0.007)","G[11,50](mu > -0.007 && mu < 0.007)"
AFC33,True,True,,50,1,ok,0.092,1.0000,ok,0.102,0.9626,"G[11,50](mu > -0.007 && mu < 0.007)","G[11,50](mu > -0.007 && mu < 0.007)"
NN,False,False,cannot tokenise '|Pos - Ref| > 0.005 ',,,,,,,,,"G[1,37](|Pos - Ref| > 0.005 + 0.03 * |Ref| -> F[0,2] G[0,1](!(0.005 + 0.03 * |Ref| <= |Pos - Ref|)))",
NNx,True,True,,3,1,ok,0.006,1.0000,ok,0.008,0.4506,"F[0,1](Pos > 3.2) && F[1,1.5](G[0,0.5](Pos > 1.75 && Pos < 2.25)) && G[2,3](Pos > 1.825 && Pos < 1.875)","F[0,1](Pos > 3.2) && F[1,2](G[0,1](Pos > 1.75 && Pos < 2.25)) && G[2,3](Pos > 1.825 && Pos < 1.875)"
CC1,False,True,cannot tokenise '- y4 <= 40)',100,1,ok,0.217,1.0000,ok,0.246,0.9765,"G[0,100](y5 - y4 <= 40)","G[0,100](d54 <= 40)"
CC2,False,True,cannot tokenise '- y4 >= 15)',100,1,timeout,,,timeout,,,"G[0,70] F[0,30](y5 - y4 >= 15)","G[0,70] F[0,30](d54 >= 15)"
CC3,False,True,cannot tokenise '- y1 <= 20)) || (F[0',100,2,timeout,,,timeout,,,"G[0,80]((G[0,20](y2 - y1 <= 20)) || (F[0,20](y5 - y4 >= 40)))","G[0,80]((G[0,20](d21 <= 20)) || (F[0,20](d54 >= 40)))"
CC4,False,True,cannot tokenise '- y4 >= 8)',115,1,timeout,,,timeout,,,"G[0,65] F[0,30] G[0,20](y5 - y4 >= 8)","G[0,65] F[0,30] G[0,20](d54 >= 8)"
CC5,False,True,"cannot tokenise '- y1 >= 9)) -> (G[5,'",100,2,timeout,,,timeout,,,"G[0,72] F[0,8]((G[0,5](y2 - y1 >= 9)) -> (G[5,20](y5 - y4 >= 9)))","G[0,72] F[0,8]((G[0,5](d21 >= 9)) -> (G[5,20](d54 >= 9)))"
CCx,False,True,"cannot tokenise '- y1 > 7.5) && G[0,5'",50,4,ok,1.035,1.0000,ok,0.916,0.7273,"G[0,50](y2 - y1 > 7.5) && G[0,50](y3 - y2 > 7.5) && G[0,50](y4 - y3 > 7.5) && G[0,50](y5 - y4 > 7.5)","G[0,50](d21 > 7.5) && G[0,50](d32 > 7.5) && G[0,50](d43 > 7.5) && G[0,50](d54 > 7.5)"
F16,True,True,,15,1,ok,0.017,1.0000,ok,0.025,0.6667,"G[0,15](altitude > 0)","G[0,15](altitude > 0)"
SC,True,True,,35,1,ok,0.046,1.0000,ok,0.044,0.8333,"G[30,35](pressure >= 87 && pressure <= 87.5)","G[30,35](pressure >= 87 && pressure <= 87.5)"
