pair,kind,delta,bound,D,score,closed_form,eq4
x>2 vs x>5/2,offset >,0.5,2.5,2.51,0.019607804690579038,0.019607804690579038,0.6666666666666666
x>2 vs x>5/2,offset >,0.5,2.5,2.51412528715214,0.027474353101808315,0.027474353101808315,0.6666666666666666
x>2 vs x>5/2,offset >,0.5,2.5,2.5199523737143434,0.03837339023653537,0.03837339023653537,0.6666666666666666
x>2 vs x>5/2,offset >,0.5,2.5,2.528183300805862,0.05335883850175434,0.05335883850175434,0.6666666666666666
x>2 vs x>5/2,offset >,0.5,2.5,2.5398097216782185,0.07374755646655916,0.07374755646655916,0.6666666666666666
x>2 vs x>5/2,offset >,0.5,2.5,2.556232375010614,0.1010949316184795,0.1010949316184795,0.6666666666666666
x>2 vs x>5/2,offset >,0.5,2.5,2.5794298444247863,0.13708252708507124,0.13708252708507124,0.6666666666666666
x>2 vs x>5/2,offset >,0.5,2.5,2.6121969360916575,0.18326905315613382,0.18326905315613382,0.6666666666666666
x>2 vs x>5/2,offset >,0.5,2.5,2.658481393987492,0.24067673704652198,0.24067673704652198,0.6666666666666666
x>2 vs x>5/2,offset >,0.5,2.5,2.723859519800974,0.30925781096961075,0.30925781096961075,0.6666666666666666
x>2 vs x>5/2,offset >,0.5,2.5,2.8162079999276544,0.38741057738358897,0.38741057738358897,0.6666666666666666
x>2 vs x>5/2,offset >,0.5,2.5,2.946652879863119,0.47182279538927435,0.47182279538927435,0.6666666666666666
x>2 vs x>5/2,offset >,0.5,2.5,3.130910018534903,0.5578776828545255,0.5578776828545255,0.6666666666666666
x>2 vs x>5/2,offset >,0.5,2.5,3.3911785178839153,0.6405920346207097,0.6405920346207097,0.6666666666666666
x>2 vs x>5/2,offset >,0.5,2.5,3.7588152468706855,0.7157173178894555,0.7157173178894555,0.6666666666666666
x>2 vs x>5/2,offset >,0.5,2.5,4.278112683319564,0.7805197327679358,0.7805197327679358,0.6666666666666666
x>2 vs x>5/2,offset >,0.5,2.5,5.011635224024947,0.833976960427257,0.833976960427257,0.6666666666666666
x>2 vs x>5/2,offset >,0.5,2.5,6.047756876010789,0.8764745779476393,0.8764745779476393,0.6666666666666666
x>2 vs x>5/2,offset >,0.5,2.5,7.511308461868522,0.9092772773041704,0.9092772773041704,0.6666666666666666
x>2 vs x>5/2,offset >,0.5,2.5,9.578617103046756,0.9340247795572402,0.9340247795572402,0.6666666666666666
x>2 vs x>5/2,offset >,0.5,2.5,12.498749921870116,0.9523751917041445,0.9523751917041445,0.6666666666666666
x>2 vs x>5/2,offset >,0.5,2.5,16.62352138060783,0.965808442932802,0.965808442932802,0.6666666666666666
x>2 vs x>5/2,offset >,0.5,2.5,22.449879509666843,0.9755499304867016,0.9755499304867016,0.6666666666666666
x>2 vs x>5/2,offset >,0.5,2.5,30.679777671922853,0.982566078848806,0.982566078848806,0.6666666666666666
x>2 vs x>5/2,offset >,0.5,2.5,42.30474514917608,0.9875944882979937,0.9875944882979937,0.6666666666666666
x>2 vs x>5/2,offset >,0.5,2.5,58.72534552391249,0.9911855805096011,0.9911855805096011,0.6666666666666666
x>2 vs x>5/2,offset >,0.5,2.5,81.91991507383283,0.9937437246613462,0.9937437246613462,0.6666666666666666
x>2 vs x>5/2,offset >,0.5,2.5,114.68291059949888,0.9955627610885924,0.9955627610885924,0.6666666666666666
x>2 vs x>5/2,offset >,0.5,2.5,160.96158257504527,0.996854579649026,0.996854579649026,0.6666666666666666
x>2 vs x>5/2,offset >,0.5,2.5,226.3315356412224,0.9977711515398762,0.9977711515398762,0.6666666666666666
x>2 vs x>5/2,offset >,0.5,2.5,318.6684714576178,0.9984210584775947,0.9984210584775947,0.6666666666666666
x>2 vs x>5/2,offset >,0.5,2.5,449.09704477065713,0.9988816723243202,0.9988816723243202,0.6666666666666666
x>2 vs x>5/2,offset >,0.5,2.5,633.3311498561931,0.9992080210214213,0.9992080210214213,0.6666666666666666
x>2 vs x>5/2,offset >,0.5,2.5,893.5671136062857,0.9994391886019475,0.9994391886019475,0.6666666666666666
x>2 vs x>5/2,offset >,0.5,2.5,1261.157885127646,0.9996029084156097,0.9996029084156097,0.6666666666666666
x>2 vs x>5/2,offset >,0.5,2.5,1780.390405339308,0.9997188463240593,0.9997188463240593,0.6666666666666666
x>2 vs x>5/2,offset >,0.5,2.5,2513.821249997163,0.9998009408512641,0.9998009408512641,0.6666666666666666
x>2 vs x>5/2,offset >,0.5,2.5,3549.8133786802237,0.9998590678408105,0.9998590678408105,0.6666666666666666
x>2 vs x>5/2,offset >,0.5,2.5,5013.182009152707,0.999900222941616,0.999900222941616,0.6666666666666666
x>2 vs x>5/2,offset >,0.5,2.5,7080.2322205989285,0.9999293607521841,0.9999293607521841,0.6666666666666666
x>2 vs x>5/2,offset >,0.5,2.5,10000.0,0.9999499898979846,0.9999499898979846,0.6666666666666666
x>2 vs x>3,offset >,1.0,3.0,3.01,0.009900980296059113,0.009900980296059113,0.5
x>2 vs x>3,offset >,1.0,3.0,3.0141252694908176,0.013928511582595837,0.013928511582595837,0.5
x>2 vs x>3,offset >,1.0,3.0,3.0199523238185915,0.019561996958735645,0.019561996958735645,0.5
x>2 vs x>3,offset >,1.0,3.0,3.028183195089331,0.02741064803751669,0.02741064803751669,0.5
x>2 vs x>3,offset >,1.0,3.0,3.0398095225716726,0.03828536229198308,0.03828536229198308,0.5
x>2 vs x>3,offset >,1.0,3.0,3.056232023463897,0.05323827433409067,0.05323827433409067,0.5
x>2 vs x>3,offset >,1.0,3.0,3.079429248540243,0.07358441978780769,0.07358441978780769,0.5
x>2 vs x>3,offset >,1.0,3.0,3.1121959541042736,0.10087777501120054,0.10087777501120054,0.5
x>2 vs x>3,offset >,1.0,3.0,3.1584798087451165,0.13679968416290317,0.13679968416290317,0.5
x>2 vs x>3,offset >,1.0,3.0,3.2238570007328837,0.18291092643005252,0.18291092643005252,0.5
x>2 vs x>3,offset >,1.0,3.0,3.3162040462647253,0.24023919917499534,0.24023919917499534,0.5
x>2 vs x>3,offset >,1.0,3.0,3.446646736745522,0.30874602392862355,0.30874602392862355,0.5
x>2 vs x>3,offset >,1.0,3.0,3.6309005523553006,0.38684159166086535,0.38684159166086535,0.5
x>2 vs x>3,offset >,1.0,3.0,3.8911640323688146,0.47122488895248354,0.47122488895248354,0.5
x>2 vs x>3,offset >,1.0,3.0,4.258793211735074,0.5572854778869574,0.5572854778869574,0.5
x>2 vs x>3,offset >,1.0,3.0,4.7780793348471855,0.6400388471649409,0.6400388471649409,0.5
x>2 vs x>3,offset >,1.0,3.0,5.511584978004333,0.7152281031238454,0.7152281031238454,0.5
x>2 vs x>3,offset >,1.0,3.0,6.5476814662392995,0.7801075586469102,0.7801075586469102,0.5
x>2 vs x>3,offset >,1.0,3.0,8.011195677679039,0.8336436064863366,0.8336436064863366,0.5
x>2 vs x>3,offset >,1.0,3.0,10.078448941642236,0.8762137529818358,0.8762137529818358,0.5
x>2 vs x>3,offset >,1.0,3.0,12.998499887491562,0.9090784271211646,0.9090784271211646,0.5
x>2 vs x>3,offset >,1.0,3.0,17.123150541060408,0.9338761502663696,0.9338761502663696,0.5
x>2 vs x>3,offset >,1.0,3.0,22.949330744613462,0.9522657327598469,0.9522657327598469,0.5
x>2 vs x>3,offset >,1.0,3.0,31.178967292109277,0.9657287060327481,0.9657287060327481,0.5
x>2 vs x>3,offset >,1.0,3.0,42.803550696264445,0.9754923049972744,0.9754923049972744,0.5
x>2 vs x>3,offset >,1.0,3.0,59.22358802600883,0.9825246717827243,0.9825246717827243,0.5
x>2 vs x>3,offset >,1.0,3.0,82.41733325855229,0.9875648576364784,0.9875648576364784,0.5
x>2 vs x>3,offset >,1.0,3.0,115.17912344870584,0.9911644395124013,0.9911644395124013,0.5
x>2 vs x>3,offset >,1.0,3.0,161.45603499115393,0.9937286726477041,0.9937286726477041,0.5
x>2 vs x>3,offset >,1.0,3.0,226.82341966326223,0.99555206038121,0.99555206038121,0.5
x>2 vs x>3,offset >,1.0,3.0,319.1566121009797,0.99684698045479,0.99684698045479,0.5
x>2 vs x>3,offset >,1.0,3.0,449.57973471028765,0.9977657589917178,0.9977657589917178,0.5
x>2 vs x>3,offset >,1.0,3.0,633.8059101740815,0.9984172338651569,0.9984172338651569,0.5
x>2 vs x>3,offset >,1.0,3.0,894.0303477355332,0.998878960787133,0.998878960787133,0.5
x>2 vs x>3,offset >,1.0,3.0,1261.6043785902432,0.9992060991401719,0.9992060991401719,0.5
x>2 vs x>3,offset >,1.0,3.0,1780.8126029403413,0.9994378266728127,0.9994378266728127,0.5
x>2 vs x>3,offset >,1.0,3.0,2514.2082119988127,0.9996019434237872,0.9996019434237872,0.5
x>2 vs x>3,offset >,1.0,3.0,3550.149274102608,0.9997181626469278,0.9997181626469278,0.5
x>2 vs x>3,offset >,1.0,3.0,5013.443941942886,0.9998004565128563,0.9998004565128563,0.5
x>2 vs x>3,offset >,1.0,3.0,7080.387094655971,0.9998587247367958,0.9998587247367958,0.5
x>2 vs x>3,offset >,1.0,3.0,10000.0,0.9998999798959892,0.9998999798959892,0.5
x>2 vs x>5,offset >,3.0,5.0,5.01,0.0033222580324724143,0.0033222580324724143,0.25
x>2 vs x>5,offset >,3.0,5.0,5.014125198837608,0.0046863329223094064,0.0046863329223094064,0.25
x>2 vs x>5,offset >,3.0,5.0,5.019952124215107,0.006606766196177945,0.006606766196177945,0.25
x>2 vs x>5,offset >,3.0,5.0,5.028182772177547,0.009306823593893392,0.009306823593893392,0.25
x>2 vs x>5,offset >,3.0,5.0,5.0398087260727555,0.013095795349067964,0.013095795349067964,0.25
x>2 vs x>5,offset >,3.0,5.0,5.056230617115425,0.01839867659261276,0.01839867659261276,0.25
x>2 vs x>5,offset >,3.0,5.0,5.079426864744189,0.025792734310659655,0.025792734310659655,0.25
x>2 vs x>5,offset >,3.0,5.0,5.112192025744432,0.0360491861579168,0.0360491861579168,0.25
x>2 vs x>5,offset >,3.0,5.0,5.15847346714325,0.050174053579285276,0.050174053579285276,0.25
x>2 vs x>5,offset >,3.0,5.0,5.223846923355256,0.06943470308682705,0.06943470308682705,0.25
x>2 vs x>5,offset >,3.0,5.0,5.316188230132178,0.09534685996178063,0.09534685996178063,0.25
x>2 vs x>5,offset >,3.0,5.0,5.446622162022053,0.12958253369365466,0.12958253369365466,0.25
x>2 vs x>5,offset >,3.0,5.0,5.630862684307293,0.17375003281833504,0.17375003281833504,0.25
x>2 vs x>5,offset >,3.0,5.0,5.891106085409589,0.2290109384938166,0.2290109384938166,0.25
x>2 vs x>5,offset >,3.0,5.0,6.258705064036252,0.29556044608612775,0.29556044608612775,0.25
x>2 vs x>5,offset >,3.0,5.0,6.7779459305376495,0.3721150436339363,0.3721150436339363,0.25
x>2 vs x>5,offset >,3.0,5.0,7.511383978847117,0.4556720295326663,0.4556720295326663,0.25
x>2 vs x>5,offset >,3.0,5.0,8.547379805470497,0.5418013570413645,0.5418013570413645,0.25
x>2 vs x>5,offset >,3.0,5.0,10.010744509897597,0.6255028952931561,0.6255028952931561,0.25
x>2 vs x>5,offset >,3.0,5.0,12.077776251866856,0.7023152104851033,0.7023152104851033,0.25
x>2 vs x>5,offset >,3.0,5.0,14.997499687460932,0.7691863172668121,0.7691863172668121,0.25
x>2 vs x>5,offset >,3.0,5.0,19.121667094748446,0.8247833690386651,0.8247833690386651,0.25
x>2 vs x>5,offset >,3.0,5.0,24.94713556088856,0.8692646905185876,0.8692646905185876,0.25
x>2 vs x>5,offset >,3.0,5.0,33.17572560058539,0.9037712564510472,0.9037712564510472,0.25
x>2 vs x>5,offset >,3.0,5.0,44.79877264563053,0.929904510235744,0.929904510235744,0.25
x>2 vs x>5,offset >,3.0,5.0,61.2165577047611,0.9493384778579037,0.9493384778579037,0.25
x>2 vs x>5,offset >,3.0,5.0,84.4070055454201,0.9635953163964706,0.9635953163964706,0.25
x>2 vs x>5,offset >,3.0,5.0,117.16397422990055,0.9739501784823672,0.9739501784823672,0.25
x>2 vs x>5,offset >,3.0,5.0,163.43384382313172,0.9814165300759154,0.9814165300759154,0.25
x>2 vs x>5,offset >,3.0,5.0,228.79095463505894,0.9867719548533167,0.9867719548533167,0.25
x>2 vs x>5,offset >,3.0,5.0,321.10917319145,0.9905988255975363,0.9905988255975363,0.25
x>2 vs x>5,offset >,3.0,5.0,451.510492520716,0.9933260712636472,0.9933260712636472,0.25
x>2 vs x>5,offset >,3.0,5.0,635.70494892073,0.9952659340906596,0.9952659340906596,0.25
x>2 vs x>5,offset >,3.0,5.0,895.8832810343201,0.9966438560153261,0.9966438560153261,0.25
x>2 vs x>5,offset >,3.0,5.0,1263.3903484261853,0.9976216711968942,0.9976216711968942,0.25
x>2 vs x>5,offset >,3.0,5.0,1782.5013884800587,0.9983150807869484,0.9983150807869484,0.25
x>2 vs x>5,offset >,3.0,5.0,2515.7560543514996,0.9988065663755983,0.9988065663755983,0.25
x>2 vs x>5,offset >,3.0,5.0,3551.492849636067,0.9991548085525902,0.9991548085525902,0.25
x>2 vs x>5,offset >,3.0,5.0,5014.491667149795,0.9994014950650068,0.9994014950650068,0.25
x>2 vs x>5,offset >,3.0,5.0,7081.006586568596,0.9995762115823895,0.9995762115823895,0.25
x>2 vs x>5,offset >,3.0,5.0,10000.0,0.9996999398880076,0.9996999398880076,0.25
x>2 vs x>12,offset >,10.0,12.0,12.01,0.0009990008992007094,0.0009990008992007094,0.09090909090909091
x>2 vs x>12,offset >,10.0,12.0,12.01412495141543,0.0014105026723209917,0.0014105026723209917,0.09090909090909091
x>2 vs x>12,offset >,10.0,12.0,12.019951425310822,0.00199116966468055,0.00199116966468055,0.09090909090909091
x>2 vs x>12,offset >,10.0,12.0,12.028181291356606,0.0028102093218723726,0.0028102093218723726,0.09090909090909091
x>2 vs x>12,offset >,10.0,12.0,12.039805937186799,0.003964811020355395,0.003964811020355395,0.09090909090909091
x>2 vs x>12,offset >,10.0,12.0,12.056225692968646,0.005591132209455738,0.005591132209455738,0.09090909090909091
x>2 vs x>12,offset >,10.0,12.0,12.079418518268387,0.007879275004323902,0.007879275004323902,0.09090909090909091
x>2 vs x>12,offset >,10.0,12.0,12.11217827137039,0.011093382381776807,0.011093382381776807,0.09090909090909091
x>2 vs x>12,offset >,10.0,12.0,12.158451263537906,0.015597972941866439,0.015597972941866439,0.09090909090909091
x>2 vs x>12,offset >,10.0,12.0,12.223811640258672,0.021891211051478128,0.021891211051478128,0.09090909090909091
x>2 vs x>12,offset >,10.0,12.0,12.316132854967053,0.030644508825836882,0.030644508825836882,0.09090909090909091
x>2 vs x>12,offset >,10.0,12.0,12.446536122400895,0.04274489404181329,0.04274489404181329,0.09090909090909091
x>2 vs x>12,offset >,10.0,12.0,12.630730104372569,0.05933083041797007,0.05933083041797007,0.09090909090909091
x>2 vs x>12,offset >,10.0,12.0,12.890903209400726,0.08180250163542191,0.08180250163542191,0.09090909090909091
x>2 vs x>12,offset >,10.0,12.0,13.258396456773685,0.11177403014996266,0.11177403014996266,0.09090909090909091
x>2 vs x>12,offset >,10.0,12.0,13.777478884025475,0.15092183570072404,0.15092183570072404,0.09090909090909091
x>2 vs x>12,offset >,10.0,12.0,14.510680291689294,0.20068293909438095,0.20068293909438095,0.09090909090909091
x>2 vs x>12,offset >,10.0,12.0,15.546323719362153,0.26179231583702484,0.26179231583702484,0.09090909090909091
x>2 vs x>12,offset >,10.0,12.0,17.009165031542906,0.3337403971023949,0.3337403971023949,0.09090909090909091
x>2 vs x>12,offset >,10.0,12.0,19.075421280974822,0.41436288746183164,0.41436288746183164,0.09090909090909091
x>2 vs x>12,offset >,10.0,12.0,21.993998198917996,0.49984988493241694,0.49984988493241694,0.09090909090909091
x>2 vs x>12,offset >,10.0,12.0,26.11647392198842,0.5853456596642818,0.5853456596642818,0.09090909090909091
x>2 vs x>12,offset >,10.0,12.0,31.939450860789393,0.6659925156112615,0.6659925156112615,0.09090909090909091
x>2 vs x>12,offset >,10.0,12.0,40.16437750864652,0.7379755313522425,0.7379755313522425,0.09090909090909091
x>2 vs x>12,offset >,10.0,12.0,51.782046455922575,0.7991243528331357,0.7991243528331357,0.09090909090909091
x>2 vs x>12,offset >,10.0,12.0,68.19194742491236,0.8489242084882284,0.8489242084882284,0.09090909090909091
x>2 vs x>12,offset >,10.0,12.0,91.37085285199127,0.888106686139967,0.888106686139967,0.09090909090909091
x>2 vs x>12,offset >,10.0,12.0,124.11094420371833,0.9181072508830642,0.9181072508830642,0.09090909090909091
x>2 vs x>12,offset >,10.0,12.0,170.3561642418899,0.9406021099041294,0.9406021099041294,0.09090909090909091
x>2 vs x>12,offset >,10.0,12.0,235.67731296453462,0.9572059399761942,0.9572059399761942,0.09090909090909091
x>2 vs x>12,offset >,10.0,12.0,327.9431183153156,0.9693197972057018,0.9693197972057018,0.09090909090909091
x>2 vs x>12,offset >,10.0,12.0,458.2681203016388,0.978083060084338,0.978083060084338,0.09090909090909091
x>2 vs x>12,offset >,10.0,12.0,642.3515527082933,0.9843835765805677,0.9843835765805677,0.09090909090909091
x>2 vs x>12,offset >,10.0,12.0,902.3685070158895,0.9888934353978721,0.9888934353978721,0.09090909090909091
x>2 vs x>12,offset >,10.0,12.0,1269.6411922515888,0.9921113316187293,0.9921113316187293,0.09090909090909091
x>2 vs x>12,offset >,10.0,12.0,1788.4120765558257,0.99440218686067,0.99440218686067,0.09090909090909091
x>2 vs x>12,offset >,10.0,12.0,2521.173431321644,0.996030443608329,0.996030443608329,0.09090909090909091
x>2 vs x>12,offset >,10.0,12.0,3556.1952864097143,0.9971864233134786,0.9971864233134786,0.09090909090909091
x>2 vs x>12,offset >,10.0,12.0,5018.158630331307,0.9980064424323547,0.9980064424323547,0.09090909090909091
x>2 vs x>12,offset >,10.0,12.0,7083.174753868624,0.9985878047998852,0.9985878047998852,0.09090909090909091
x>2 vs x>12,offset >,10.0,12.0,10000.0,0.998999799860072,0.998999799860072,0.09090909090909091
x<-2 vs x<-5/2,offset <,0.5,2.5,2.51,0.019607804690579038,0.019607804690579038,0.6666666666666666
x<-2 vs x<-5/2,offset <,0.5,2.5,2.51412528715214,0.027474353101808315,0.027474353101808315,0.6666666666666666
x<-2 vs x<-5/2,offset <,0.5,2.5,2.5199523737143434,0.03837339023653537,0.03837339023653537,0.6666666666666666
x<-2 vs x<-5/2,offset <,0.5,2.5,2.528183300805862,0.05335883850175434,0.05335883850175434,0.6666666666666666
x<-2 vs x<-5/2,offset <,0.5,2.5,2.5398097216782185,0.07374755646655916,0.07374755646655916,0.6666666666666666
x<-2 vs x<-5/2,offset <,0.5,2.5,2.556232375010614,0.1010949316184795,0.1010949316184795,0.6666666666666666
x<-2 vs x<-5/2,offset <,0.5,2.5,2.5794298444247863,0.13708252708507124,0.13708252708507124,0.6666666666666666
x<-2 vs x<-5/2,offset <,0.5,2.5,2.6121969360916575,0.18326905315613382,0.18326905315613382,0.6666666666666666
x<-2 vs x<-5/2,offset <,0.5,2.5,2.658481393987492,0.24067673704652198,0.24067673704652198,0.6666666666666666
x<-2 vs x<-5/2,offset <,0.5,2.5,2.723859519800974,0.30925781096961075,0.30925781096961075,0.6666666666666666
x<-2 vs x<-5/2,offset <,0.5,2.5,2.8162079999276544,0.38741057738358897,0.38741057738358897,0.6666666666666666
x<-2 vs x<-5/2,offset <,0.5,2.5,2.946652879863119,0.47182279538927435,0.47182279538927435,0.6666666666666666
x<-2 vs x<-5/2,offset <,0.5,2.5,3.130910018534903,0.5578776828545255,0.5578776828545255,0.6666666666666666
x<-2 vs x<-5/2,offset <,0.5,2.5,3.3911785178839153,0.6405920346207097,0.6405920346207097,0.6666666666666666
x<-2 vs x<-5/2,offset <,0.5,2.5,3.7588152468706855,0.7157173178894555,0.7157173178894555,0.6666666666666666
x<-2 vs x<-5/2,offset <,0.5,2.5,4.278112683319564,0.7805197327679358,0.7805197327679358,0.6666666666666666
x<-2 vs x<-5/2,offset <,0.5,2.5,5.011635224024947,0.833976960427257,0.833976960427257,0.6666666666666666
x<-2 vs x<-5/2,offset <,0.5,2.5,6.047756876010789,0.8764745779476393,0.8764745779476393,0.6666666666666666
x<-2 vs x<-5/2,offset <,0.5,2.5,7.511308461868522,0.9092772773041704,0.9092772773041704,0.6666666666666666
x<-2 vs x<-5/2,offset <,0.5,2.5,9.578617103046756,0.9340247795572402,0.9340247795572402,0.6666666666666666
x<-2 vs x<-5/2,offset <,0.5,2.5,12.498749921870116,0.9523751917041445,0.9523751917041445,0.6666666666666666
x<-2 vs x<-5/2,offset <,0.5,2.5,16.62352138060783,0.965808442932802,0.965808442932802,0.6666666666666666
x<-2 vs x<-5/2,offset <,0.5,2.5,22.449879509666843,0.9755499304867016,0.9755499304867016,0.6666666666666666
x<-2 vs x<-5/2,offset <,0.5,2.5,30.679777671922853,0.982566078848806,0.982566078848806,0.6666666666666666
x<-2 vs x<-5/2,offset <,0.5,2.5,42.30474514917608,0.9875944882979937,0.9875944882979937,0.6666666666666666
x<-2 vs x<-5/2,offset <,0.5,2.5,58.72534552391249,0.9911855805096011,0.9911855805096011,0.6666666666666666
x<-2 vs x<-5/2,offset <,0.5,2.5,81.91991507383283,0.9937437246613462,0.9937437246613462,0.6666666666666666
x<-2 vs x<-5/2,offset <,0.5,2.5,114.68291059949888,0.9955627610885924,0.9955627610885924,0.6666666666666666
x<-2 vs x<-5/2,offset <,0.5,2.5,160.96158257504527,0.996854579649026,0.996854579649026,0.6666666666666666
x<-2 vs x<-5/2,offset <,0.5,2.5,226.3315356412224,0.9977711515398762,0.9977711515398762,0.6666666666666666
x<-2 vs x<-5/2,offset <,0.5,2.5,318.6684714576178,0.9984210584775947,0.9984210584775947,0.6666666666666666
x<-2 vs x<-5/2,offset <,0.5,2.5,449.09704477065713,0.9988816723243202,0.9988816723243202,0.6666666666666666
x<-2 vs x<-5/2,offset <,0.5,2.5,633.3311498561931,0.9992080210214213,0.9992080210214213,0.6666666666666666
x<-2 vs x<-5/2,offset <,0.5,2.5,893.5671136062857,0.9994391886019475,0.9994391886019475,0.6666666666666666
x<-2 vs x<-5/2,offset <,0.5,2.5,1261.157885127646,0.9996029084156097,0.9996029084156097,0.6666666666666666
x<-2 vs x<-5/2,offset <,0.5,2.5,1780.390405339308,0.9997188463240593,0.9997188463240593,0.6666666666666666
x<-2 vs x<-5/2,offset <,0.5,2.5,2513.821249997163,0.9998009408512641,0.9998009408512641,0.6666666666666666
x<-2 vs x<-5/2,offset <,0.5,2.5,3549.8133786802237,0.9998590678408105,0.9998590678408105,0.6666666666666666
x<-2 vs x<-5/2,offset <,0.5,2.5,5013.182009152707,0.999900222941616,0.999900222941616,0.6666666666666666
x<-2 vs x<-5/2,offset <,0.5,2.5,7080.2322205989285,0.9999293607521841,0.9999293607521841,0.6666666666666666
x<-2 vs x<-5/2,offset <,0.5,2.5,10000.0,0.9999499898979846,0.9999499898979846,0.6666666666666666
x<-2 vs x<-3,offset <,1.0,3.0,3.01,0.009900980296059113,0.009900980296059113,0.5
x<-2 vs x<-3,offset <,1.0,3.0,3.0141252694908176,0.013928511582595837,0.013928511582595837,0.5
x<-2 vs x<-3,offset <,1.0,3.0,3.0199523238185915,0.019561996958735645,0.019561996958735645,0.5
x<-2 vs x<-3,offset <,1.0,3.0,3.028183195089331,0.02741064803751669,0.02741064803751669,0.5
x<-2 vs x<-3,offset <,1.0,3.0,3.0398095225716726,0.03828536229198308,0.03828536229198308,0.5
x<-2 vs x<-3,offset <,1.0,3.0,3.056232023463897,0.05323827433409067,0.05323827433409067,0.5
x<-2 vs x<-3,offset <,1.0,3.0,3.079429248540243,0.07358441978780769,0.07358441978780769,0.5
x<-2 vs x<-3,offset <,1.0,3.0,3.1121959541042736,0.10087777501120054,0.10087777501120054,0.5
x<-2 vs x<-3,offset <,1.0,3.0,3.1584798087451165,0.13679968416290317,0.13679968416290317,0.5
x<-2 vs x<-3,offset <,1.0,3.0,3.2238570007328837,0.18291092643005252,0.18291092643005252,0.5
x<-2 vs x<-3,offset <,1.0,3.0,3.3162040462647253,0.24023919917499534,0.24023919917499534,0.5
x<-2 vs x<-3,offset <,1.0,3.0,3.446646736745522,0.30874602392862355,0.30874602392862355,0.5
x<-2 vs x<-3,offset <,1.0,3.0,3.6309005523553006,0.38684159166086535,0.38684159166086535,0.5
x<-2 vs x<-3,offset <,1.0,3.0,3.8911640323688146,0.47122488895248354,0.47122488895248354,0.5
x<-2 vs x<-3,offset <,1.0,3.0,4.258793211735074,0.5572854778869574,0.5572854778869574,0.5
x<-2 vs x<-3,offset <,1.0,3.0,4.7780793348471855,0.6400388471649409,0.6400388471649409,0.5
x<-2 vs x<-3,offset <,1.0,3.0,5.511584978004333,0.7152281031238454,0.7152281031238454,0.5
x<-2 vs x<-3,offset <,1.0,3.0,6.5476814662392995,0.7801075586469102,0.7801075586469102,0.5
x<-2 vs x<-3,offset <,1.0,3.0,8.011195677679039,0.8336436064863366,0.8336436064863366,0.5
x<-2 vs x<-3,offset <,1.0,3.0,10.078448941642236,0.8762137529818358,0.8762137529818358,0.5
x<-2 vs x<-3,offset <,1.0,3.0,12.998499887491562,0.9090784271211646,0.9090784271211646,0.5
x<-2 vs x<-3,offset <,1.0,3.0,17.123150541060408,0.9338761502663696,0.9338761502663696,0.5
x<-2 vs x<-3,offset <,1.0,3.0,22.949330744613462,0.9522657327598469,0.9522657327598469,0.5
x<-2 vs x<-3,offset <,1.0,3.0,31.178967292109277,0.9657287060327481,0.9657287060327481,0.5
x<-2 vs x<-3,offset <,1.0,3.0,42.803550696264445,0.9754923049972744,0.9754923049972744,0.5
x<-2 vs x<-3,offset <,1.0,3.0,59.22358802600883,0.9825246717827243,0.9825246717827243,0.5
x<-2 vs x<-3,offset <,1.0,3.0,82.41733325855229,0.9875648576364784,0.9875648576364784,0.5
x<-2 vs x<-3,offset <,1.0,3.0,115.17912344870584,0.9911644395124013,0.9911644395124013,0.5
x<-2 vs x<-3,offset <,1.0,3.0,161.45603499115393,0.9937286726477041,0.9937286726477041,0.5
x<-2 vs x<-3,offset <,1.0,3.0,226.82341966326223,0.99555206038121,0.99555206038121,0.5
x<-2 vs x<-3,offset <,1.0,3.0,319.1566121009797,0.99684698045479,0.99684698045479,0.5
x<-2 vs x<-3,offset <,1.0,3.0,449.57973471028765,0.9977657589917178,0.9977657589917178,0.5
x<-2 vs x<-3,offset <,1.0,3.0,633.8059101740815,0.9984172338651569,0.9984172338651569,0.5
x<-2 vs x<-3,offset <,1.0,3.0,894.0303477355332,0.998878960787133,0.998878960787133,0.5
x<-2 vs x<-3,offset <,1.0,3.0,1261.6043785902432,0.9992060991401719,0.9992060991401719,0.5
x<-2 vs x<-3,offset <,1.0,3.0,1780.8126029403413,0.9994378266728127,0.9994378266728127,0.5
x<-2 vs x<-3,offset <,1.0,3.0,2514.2082119988127,0.9996019434237872,0.9996019434237872,0.5
x<-2 vs x<-3,offset <,1.0,3.0,3550.149274102608,0.9997181626469278,0.9997181626469278,0.5
x<-2 vs x<-3,offset <,1.0,3.0,5013.443941942886,0.9998004565128563,0.9998004565128563,0.5
x<-2 vs x<-3,offset <,1.0,3.0,7080.387094655971,0.9998587247367958,0.9998587247367958,0.5
x<-2 vs x<-3,offset <,1.0,3.0,10000.0,0.9998999798959892,0.9998999798959892,0.5
x<-2 vs x<-5,offset <,3.0,5.0,5.01,0.0033222580324724143,0.0033222580324724143,0.25
x<-2 vs x<-5,offset <,3.0,5.0,5.014125198837608,0.0046863329223094064,0.0046863329223094064,0.25
x<-2 vs x<-5,offset <,3.0,5.0,5.019952124215107,0.006606766196177945,0.006606766196177945,0.25
x<-2 vs x<-5,offset <,3.0,5.0,5.028182772177547,0.009306823593893392,0.009306823593893392,0.25
x<-2 vs x<-5,offset <,3.0,5.0,5.0398087260727555,0.013095795349067964,0.013095795349067964,0.25
x<-2 vs x<-5,offset <,3.0,5.0,5.056230617115425,0.01839867659261276,0.01839867659261276,0.25
x<-2 vs x<-5,offset <,3.0,5.0,5.079426864744189,0.025792734310659655,0.025792734310659655,0.25
x<-2 vs x<-5,offset <,3.0,5.0,5.112192025744432,0.0360491861579168,0.0360491861579168,0.25
x<-2 vs x<-5,offset <,3.0,5.0,5.15847346714325,0.050174053579285276,0.050174053579285276,0.25
x<-2 vs x<-5,offset <,3.0,5.0,5.223846923355256,0.06943470308682705,0.06943470308682705,0.25
x<-2 vs x<-5,offset <,3.0,5.0,5.316188230132178,0.09534685996178063,0.09534685996178063,0.25
x<-2 vs x<-5,offset <,3.0,5.0,5.446622162022053,0.12958253369365466,0.12958253369365466,0.25
x<-2 vs x<-5,offset <,3.0,5.0,5.630862684307293,0.17375003281833504,0.17375003281833504,0.25
x<-2 vs x<-5,offset <,3.0,5.0,5.891106085409589,0.2290109384938166,0.2290109384938166,0.25
x<-2 vs x<-5,offset <,3.0,5.0,6.258705064036252,0.29556044608612775,0.29556044608612775,0.25
x<-2 vs x<-5,offset <,3.0,5.0,6.7779459305376495,0.3721150436339363,0.3721150436339363,0.25
x<-2 vs x<-5,offset <,3.0,5.0,7.511383978847117,0.4556720295326663,0.4556720295326663,0.25
x<-2 vs x<-5,offset <,3.0,5.0,8.547379805470497,0.5418013570413645,0.5418013570413645,0.25
x<-2 vs x<-5,offset <,3.0,5.0,10.010744509897597,0.6255028952931561,0.6255028952931561,0.25
x<-2 vs x<-5,offset <,3.0,5.0,12.077776251866856,0.7023152104851033,0.7023152104851033,0.25
x<-2 vs x<-5,offset <,3.0,5.0,14.997499687460932,0.7691863172668121,0.7691863172668121,0.25
x<-2 vs x<-5,offset <,3.0,5.0,19.121667094748446,0.8247833690386651,0.8247833690386651,0.25
x<-2 vs x<-5,offset <,3.0,5.0,24.94713556088856,0.8692646905185876,0.8692646905185876,0.25
x<-2 vs x<-5,offset <,3.0,5.0,33.17572560058539,0.9037712564510472,0.9037712564510472,0.25
x<-2 vs x<-5,offset <,3.0,5.0,44.79877264563053,0.929904510235744,0.929904510235744,0.25
x<-2 vs x<-5,offset <,3.0,5.0,61.2165577047611,0.9493384778579037,0.9493384778579037,0.25
x<-2 vs x<-5,offset <,3.0,5.0,84.4070055454201,0.9635953163964706,0.9635953163964706,0.25
x<-2 vs x<-5,offset <,3.0,5.0,117.16397422990055,0.9739501784823672,0.9739501784823672,0.25
x<-2 vs x<-5,offset <,3.0,5.0,163.43384382313172,0.9814165300759154,0.9814165300759154,0.25
x<-2 vs x<-5,offset <,3.0,5.0,228.79095463505894,0.9867719548533167,0.9867719548533167,0.25
x<-2 vs x<-5,offset <,3.0,5.0,321.10917319145,0.9905988255975363,0.9905988255975363,0.25
x<-2 vs x<-5,offset <,3.0,5.0,451.510492520716,0.9933260712636472,0.9933260712636472,0.25
x<-2 vs x<-5,offset <,3.0,5.0,635.70494892073,0.9952659340906596,0.9952659340906596,0.25
x<-2 vs x<-5,offset <,3.0,5.0,895.8832810343201,0.9966438560153261,0.9966438560153261,0.25
x<-2 vs x<-5,offset <,3.0,5.0,1263.3903484261853,0.9976216711968942,0.9976216711968942,0.25
x<-2 vs x<-5,offset <,3.0,5.0,1782.5013884800587,0.9983150807869484,0.9983150807869484,0.25
x<-2 vs x<-5,offset <,3.0,5.0,2515.7560543514996,0.9988065663755983,0.9988065663755983,0.25
x<-2 vs x<-5,offset <,3.0,5.0,3551.492849636067,0.9991548085525902,0.9991548085525902,0.25
x<-2 vs x<-5,offset <,3.0,5.0,5014.491667149795,0.9994014950650068,0.9994014950650068,0.25
x<-2 vs x<-5,offset <,3.0,5.0,7081.006586568596,0.9995762115823895,0.9995762115823895,0.25
x<-2 vs x<-5,offset <,3.0,5.0,10000.0,0.9996999398880076,0.9996999398880076,0.25
x<-2 vs x<-12,offset <,10.0,12.0,12.01,0.0009990008992007094,0.0009990008992007094,0.09090909090909091
x<-2 vs x<-12,offset <,10.0,12.0,12.01412495141543,0.0014105026723209917,0.0014105026723209917,0.09090909090909091
x<-2 vs x<-12,offset <,10.0,12.0,12.019951425310822,0.00199116966468055,0.00199116966468055,0.09090909090909091
x<-2 vs x<-12,offset <,10.0,12.0,12.028181291356606,0.0028102093218723726,0.0028102093218723726,0.09090909090909091
x<-2 vs x<-12,offset <,10.0,12.0,12.039805937186799,0.003964811020355395,0.003964811020355395,0.09090909090909091
x<-2 vs x<-12,offset <,10.0,12.0,12.056225692968646,0.005591132209455738,0.005591132209455738,0.09090909090909091
x<-2 vs x<-12,offset <,10.0,12.0,12.079418518268387,0.007879275004323902,0.007879275004323902,0.09090909090909091
x<-2 vs x<-12,offset <,10.0,12.0,12.11217827137039,0.011093382381776807,0.011093382381776807,0.09090909090909091
x<-2 vs x<-12,offset <,10.0,12.0,12.158451263537906,0.015597972941866439,0.015597972941866439,0.09090909090909091
x<-2 vs x<-12,offset <,10.0,12.0,12.223811640258672,0.021891211051478128,0.021891211051478128,0.09090909090909091
x<-2 vs x<-12,offset <,10.0,12.0,12.316132854967053,0.030644508825836882,0.030644508825836882,0.09090909090909091
x<-2 vs x<-12,offset <,10.0,12.0,12.446536122400895,0.04274489404181329,0.04274489404181329,0.09090909090909091
x<-2 vs x<-12,offset <,10.0,12.0,12.630730104372569,0.05933083041797007,0.05933083041797007,0.09090909090909091
x<-2 vs x<-12,offset <,10.0,12.0,12.890903209400726,0.08180250163542191,0.08180250163542191,0.09090909090909091
x<-2 vs x<-12,offset <,10.0,12.0,13.258396456773685,0.11177403014996266,0.11177403014996266,0.09090909090909091
x<-2 vs x<-12,offset <,10.0,12.0,13.777478884025475,0.15092183570072404,0.15092183570072404,0.09090909090909091
x<-2 vs x<-12,offset <,10.0,12.0,14.510680291689294,0.20068293909438095,0.20068293909438095,0.09090909090909091
x<-2 vs x<-12,offset <,10.0,12.0,15.546323719362153,0.26179231583702484,0.26179231583702484,0.09090909090909091
x<-2 vs x<-12,offset <,10.0,12.0,17.009165031542906,0.3337403971023949,0.3337403971023949,0.09090909090909091
x<-2 vs x<-12,offset <,10.0,12.0,19.075421280974822,0.41436288746183164,0.41436288746183164,0.09090909090909091
x<-2 vs x<-12,offset <,10.0,12.0,21.993998198917996,0.49984988493241694,0.49984988493241694,0.09090909090909091
x<-2 vs x<-12,offset <,10.0,12.0,26.11647392198842,0.5853456596642818,0.5853456596642818,0.09090909090909091
x<-2 vs x<-12,offset <,10.0,12.0,31.939450860789393,0.6659925156112615,0.6659925156112615,0.09090909090909091
x<-2 vs x<-12,offset <,10.0,12.0,40.16437750864652,0.7379755313522425,0.7379755313522425,0.09090909090909091
x<-2 vs x<-12,offset <,10.0,12.0,51.782046455922575,0.7991243528331357,0.7991243528331357,0.09090909090909091
x<-2 vs x<-12,offset <,10.0,12.0,68.19194742491236,0.8489242084882284,0.8489242084882284,0.09090909090909091
x<-2 vs x<-12,offset <,10.0,12.0,91.37085285199127,0.888106686139967,0.888106686139967,0.09090909090909091
x<-2 vs x<-12,offset <,10.0,12.0,124.11094420371833,0.9181072508830642,0.9181072508830642,0.09090909090909091
x<-2 vs x<-12,offset <,10.0,12.0,170.3561642418899,0.9406021099041294,0.9406021099041294,0.09090909090909091
x<-2 vs x<-12,offset <,10.0,12.0,235.67731296453462,0.9572059399761942,0.9572059399761942,0.09090909090909091
x<-2 vs x<-12,offset <,10.0,12.0,327.9431183153156,0.9693197972057018,0.9693197972057018,0.09090909090909091
x<-2 vs x<-12,offset <,10.0,12.0,458.2681203016388,0.978083060084338,0.978083060084338,0.09090909090909091
x<-2 vs x<-12,offset <,10.0,12.0,642.3515527082933,0.9843835765805677,0.9843835765805677,0.09090909090909091
x<-2 vs x<-12,offset <,10.0,12.0,902.3685070158895,0.9888934353978721,0.9888934353978721,0.09090909090909091
x<-2 vs x<-12,offset <,10.0,12.0,1269.6411922515888,0.9921113316187293,0.9921113316187293,0.09090909090909091
x<-2 vs x<-12,offset <,10.0,12.0,1788.4120765558257,0.99440218686067,0.99440218686067,0.09090909090909091
x<-2 vs x<-12,offset <,10.0,12.0,2521.173431321644,0.996030443608329,0.996030443608329,0.09090909090909091
x<-2 vs x<-12,offset <,10.0,12.0,3556.1952864097143,0.9971864233134786,0.9971864233134786,0.09090909090909091
x<-2 vs x<-12,offset <,10.0,12.0,5018.158630331307,0.9980064424323547,0.9980064424323547,0.09090909090909091
x<-2 vs x<-12,offset <,10.0,12.0,7083.174753868624,0.9985878047998852,0.9985878047998852,0.09090909090909091
x<-2 vs x<-12,offset <,10.0,12.0,10000.0,0.998999799860072,0.998999799860072,0.09090909090909091
x>=2 vs x>2,endpoint,0.0,2.0,2.01,0.9999000099990001,,1.0
x>=2 vs x>2,endpoint,0.0,2.0,2.014125304810344,0.9999292100791094,,1.0
x>=2 vs x>2,endpoint,0.0,2.0,2.019952423604406,0.9999498832872079,,1.0
x>=2 vs x>2,endpoint,0.0,2.0,2.028183406515092,0.9999645193877166,,1.0
x>=2 vs x>2,endpoint,0.0,2.0,2.0398099207694265,0.9999748812642192,,1.0
x>=2 vs x>2,endpoint,0.0,2.0,2.0562327265395957,0.9999822170775167,,1.0
x>=2 vs x>2,endpoint,0.0,2.0,2.0794304402882418,0.9999874105266583,,1.0
x>=2 vs x>2,endpoint,0.0,2.0,2.112197918041137,0.9999910872580818,,1.0
x>=2 vs x>2,endpoint,0.0,2.0,2.158482979167363,0.9999936902139557,,1.0
x>=2 vs x>2,endpoint,0.0,2.0,2.223862038830176,0.9999955329830006,,1.0
x>=2 vs x>2,endpoint,0.0,2.0,2.3162119534409684,0.9999968375742071,,1.0
x>=2 vs x>2,endpoint,0.0,2.0,2.446659022772847,0.9999977611607285,,1.0
x>=2 vs x>2,endpoint,0.0,2.0,2.630919484388783,0.9999984150142137,,1.0
x>=2 vs x>2,endpoint,0.0,2.0,2.891193002912975,0.999998877909864,,1.0
x>=2 vs x>2,endpoint,0.0,2.0,3.258837281285624,0.9999992056167858,,1.0
x>=2 vs x>2,endpoint,0.0,2.0,3.7781460307456842,0.9999994376168096,,1.0
x>=2 vs x>2,endpoint,0.0,2.0,4.511685468535349,0.9999996018611349,,1.0
x>=2 vs x>2,endpoint,0.0,2.0,5.547832283610119,0.9999997181378266,,1.0
x>=2 vs x>2,endpoint,0.0,2.0,7.0114212429495835,0.9999998004558484,,1.0
x>=2 vs x>2,endpoint,0.0,2.0,9.078785260032351,0.9999998587328444,,1.0
x>=2 vs x>2,endpoint,0.0,2.0,11.9989999499975,0.9999998999900085,,1.0
x>=2 vs x>2,endpoint,0.0,2.0,16.123892211348455,0.999999929197992,,1.0
x>=2 vs x>2,endpoint,0.0,2.0,21.950428262366646,0.9999999498757652,,1.0
x>=2 vs x>2,endpoint,0.0,2.0,30.180588034512812,0.9999999645145813,,1.0
x>=2 vs x>2,endpoint,0.0,2.0,41.80593957819454,0.9999999748781215,,1.0
x>=2 vs x>2,endpoint,0.0,2.0,58.22710298885098,0.999999982214983,,1.0
x>=2 vs x>2,endpoint,0.0,2.0,81.4224968439242,0.9999999874091091,,1.0
x>=2 vs x>2,endpoint,0.0,2.0,114.18669768873409,0.9999999910862873,,1.0
x>=2 vs x>2,endpoint,0.0,2.0,160.46713007570543,0.9999999936895431,,1.0
x>=2 vs x>2,endpoint,0.0,2.0,225.8396515075615,0.9999999955325163,,1.0
x>=2 vs x>2,endpoint,0.0,2.0,318.1803306659842,0.9999999968372479,,1.0
x>=2 vs x>2,endpoint,0.0,2.0,448.614354636244,0.9999999977609318,,1.0
x>=2 vs x>2,endpoint,0.0,2.0,632.8563892858505,0.9999999984148532,,1.0
x>=2 vs x>2,endpoint,0.0,2.0,893.1038791552643,0.9999999988777963,,1.0
x>=2 vs x>2,endpoint,0.0,2.0,1260.711391263658,0.9999999992055367,,1.0
x>=2 vs x>2,endpoint,0.0,2.0,1779.96820725189,0.9999999994375602,,1.0
x>=2 vs x>2,endpoint,0.0,2.0,2513.434287430182,0.9999999996018212,,1.0
x>=2 vs x>2,endpoint,0.0,2.0,3549.477482642283,0.9999999997181096,,1.0
x>=2 vs x>2,endpoint,0.0,2.0,5012.92007576722,0.9999999998004359,,1.0
x>=2 vs x>2,endpoint,0.0,2.0,7080.077346110347,0.9999999998587187,,1.0
x>=2 vs x>2,endpoint,0.0,2.0,10000.0,0.99999999989998,,1.0
"[2,5] vs [2,8]",bounded/bounded,,8.0,8.01,0.49999991666668053,,
"[2,5] vs [2,8]",bounded/bounded,,8.0,8.014125092830666,0.49999991666668053,,
"[2,5] vs [2,8]",bounded/bounded,,8.0,8.01995182475117,0.49999991666668053,,
"[2,5] vs [2,8]",bounded/bounded,,8.0,8.028182137657513,0.49999991666668053,,
"[2,5] vs [2,8]",bounded/bounded,,8.0,8.039807531050855,0.49999991666668053,,
"[2,5] vs [2,8]",bounded/bounded,,8.0,8.05622850713631,0.49999991666668053,,
"[2,5] vs [2,8]",bounded/bounded,,8.0,8.079423288291201,0.49999991666668053,,
"[2,5] vs [2,8]",bounded/bounded,,8.0,8.112186131985416,0.49999991666668053,,
"[2,5] vs [2,8]",bounded/bounded,,8.0,8.158463952836916,0.49999991666668053,,
"[2,5] vs [2,8]",bounded/bounded,,8.0,8.223831804377717,0.49999991666668053,,
"[2,5] vs [2,8]",bounded/bounded,,8.0,8.316164501482035,0.49999991666668053,,
"[2,5] vs [2,8]",bounded/bounded,,8.0,8.446585293253971,0.49999991666668053,,
"[2,5] vs [2,8]",bounded/bounded,,8.0,8.63080587229738,0.49999991666668053,,
"[2,5] vs [2,8]",bounded/bounded,,8.0,8.89101915029705,0.49999991666668053,,
"[2,5] vs [2,8]",bounded/bounded,,8.0,9.258572820982367,0.49999991666668053,,
"[2,5] vs [2,8]",bounded/bounded,,8.0,9.777745792786735,0.49999991666668053,,
"[2,5] vs [2,8]",bounded/bounded,,8.0,10.511082434856178,0.49999991666668053,,
"[2,5] vs [2,8]",bounded/bounded,,8.0,11.546927249232025,0.49999991666668053,,
"[2,5] vs [2,8]",bounded/bounded,,8.0,13.010067665128394,0.49999991666668053,,
"[2,5] vs [2,8]",bounded/bounded,,8.0,15.076767084689465,0.49999991666668053,,
"[2,5] vs [2,8]",bounded/bounded,,8.0,17.995999199639837,0.49999991666668053,,
"[2,5] vs [2,8]",bounded/bounded,,8.0,22.1194416608911,0.49999991666668053,,
"[2,5] vs [2,8]",bounded/bounded,,8.0,27.943842414642475,0.49999991666668053,,
"[2,5] vs [2,8]",bounded/bounded,,8.0,36.170862546345454,0.49999991666668053,,
"[2,5] vs [2,8]",bounded/bounded,,8.0,47.791604852557654,0.49999991666668053,,
"[2,5] vs [2,8]",bounded/bounded,,8.0,64.20601123366941,0.49999991666668053,,
"[2,5] vs [2,8]",bounded/bounded,,8.0,87.39151261943084,0.49999991666668053,,
"[2,5] vs [2,8]",bounded/bounded,,8.0,120.14124855431237,0.49999991666668053,,
"[2,5] vs [2,8]",bounded/bounded,,8.0,166.4005545731616,0.49999991666668053,,
"[2,5] vs [2,8]",bounded/bounded,,8.0,231.74225374289801,0.49999991666668053,,
"[2,5] vs [2,8]",bounded/bounded,,8.0,324.0380103772339,0.49999991666668053,,
"[2,5] vs [2,8]",bounded/bounded,,8.0,454.40662339073947,0.49999991666668053,,
"[2,5] vs [2,8]",bounded/bounded,,8.0,638.5534994643677,0.49999991666668053,,
"[2,5] vs [2,8]",bounded/bounded,,8.0,898.6626713258859,0.49999991666668053,,
"[2,5] vs [2,8]",bounded/bounded,,8.0,1266.0692911342321,0.49999991666668053,,
"[2,5] vs [2,8]",bounded/bounded,,8.0,1785.0345521934364,0.49999991666668053,,
"[2,5] vs [2,8]",bounded/bounded,,8.0,2518.0778009153382,0.49999991666668053,,
"[2,5] vs [2,8]",bounded/bounded,,8.0,3553.5081944642698,0.49999991666668053,,
"[2,5] vs [2,8]",bounded/bounded,,8.0,5016.063237095363,0.49999991666668053,,
"[2,5] vs [2,8]",bounded/bounded,,8.0,7081.935811488311,0.49999991666668053,,
"[2,5] vs [2,8]",bounded/bounded,,8.0,10000.0,0.49999991666668053,,
"[2,5] vs x>2",bounded/unbounded,,5.0,5.01,0.9966774097417244,,0.4
"[2,5] vs x>2",bounded/unbounded,,5.0,5.014125198837608,0.9953133353065788,,0.4
"[2,5] vs x>2",bounded/unbounded,,5.0,5.019952124215107,0.9933929026728545,,0.4
"[2,5] vs x>2",bounded/unbounded,,5.0,5.028182772177547,0.9906928461751578,,0.4
"[2,5] vs x>2",bounded/unbounded,,5.0,5.0398087260727555,0.9869038756829734,,0.4
"[2,5] vs x>2",bounded/unbounded,,5.0,5.056230617115425,0.9816009962070552,,0.4
"[2,5] vs x>2",bounded/unbounded,,5.0,5.079426864744189,0.9742069409536933,,0.4
"[2,5] vs x>2",bounded/unbounded,,5.0,5.112192025744432,0.9639504925252523,,0.4
"[2,5] vs x>2",bounded/unbounded,,5.0,5.15847346714325,0.9498256298121714,,0.4
"[2,5] vs x>2",bounded/unbounded,,5.0,5.223846923355256,0.930564986724844,,0.4
"[2,5] vs x>2",bounded/unbounded,,5.0,5.316188230132178,0.9046528384872732,,0.4
"[2,5] vs x>2",bounded/unbounded,,5.0,5.446622162022053,0.8704171761672866,,0.4
"[2,5] vs x>2",bounded/unbounded,,5.0,5.630862684307293,0.8262496917651011,,0.4
"[2,5] vs x>2",bounded/unbounded,,5.0,5.891106085409589,0.7709888045099152,,0.4
"[2,5] vs x>2",bounded/unbounded,,5.0,6.258705064036252,0.704439319100766,,0.4
"[2,5] vs x>2",bounded/unbounded,,5.0,6.7779459305376495,0.6278847470711479,,0.4
"[2,5] vs x>2",bounded/unbounded,,5.0,7.511383978847117,0.5443277890247373,,0.4
"[2,5] vs x>2",bounded/unbounded,,5.0,8.547379805470497,0.4581984902258055,,0.4
"[2,5] vs x>2",bounded/unbounded,,5.0,10.010744509897597,0.37449697987451724,,0.4
"[2,5] vs x>2",bounded/unbounded,,5.0,12.077776251866856,0.29768469028666666,,0.4
"[2,5] vs x>2",bounded/unbounded,,5.0,14.997499687460932,0.23081360579531934,,0.4
"[2,5] vs x>2",bounded/unbounded,,5.0,19.121667094748446,0.1752165725558107,,0.4
"[2,5] vs x>2",bounded/unbounded,,5.0,24.94713556088856,0.13073526590299045,,0.4
"[2,5] vs x>2",bounded/unbounded,,5.0,33.17572560058539,0.09622871147271572,,0.4
"[2,5] vs x>2",bounded/unbounded,,5.0,44.79877264563053,0.07009546639910043,,0.4
"[2,5] vs x>2",bounded/unbounded,,5.0,61.2165577047611,0.05066150525492789,,0.4
"[2,5] vs x>2",bounded/unbounded,,5.0,84.4070055454201,0.036404671468638974,,0.4
"[2,5] vs x>2",bounded/unbounded,,5.0,117.16397422990055,0.026049812834361908,,0.4
"[2,5] vs x>2",bounded/unbounded,,5.0,163.43384382313172,0.018583463729596635,,0.4
"[2,5] vs x>2",bounded/unbounded,,5.0,228.79095463505894,0.013228040737336346,,0.4
"[2,5] vs x>2",bounded/unbounded,,5.0,321.10917319145,0.009401171268739976,,0.4
"[2,5] vs x>2",bounded/unbounded,,5.0,451.510492520716,0.00667392651171055,,0.4
"[2,5] vs x>2",bounded/unbounded,,5.0,635.70494892073,0.004734064331318967,,0.4
"[2,5] vs x>2",bounded/unbounded,,5.0,895.8832810343201,0.003356142865959559,,0.4
"[2,5] vs x>2",bounded/unbounded,,5.0,1263.3903484261853,0.0023783280103298076,,0.4
"[2,5] vs x>2",bounded/unbounded,,5.0,1782.5013884800587,0.001684918651412038,,0.4
"[2,5] vs x>2",bounded/unbounded,,5.0,2515.7560543514996,0.0011934332265906799,,0.4
"[2,5] vs x>2",bounded/unbounded,,5.0,3551.492849636067,0.000845191165679458,,0.4
"[2,5] vs x>2",bounded/unbounded,,5.0,5014.491667149795,0.0005985047354916315,,0.4
"[2,5] vs x>2",bounded/unbounded,,5.0,7081.006586568596,0.00042378827634774116,,0.4
"[2,5] vs x>2",bounded/unbounded,,5.0,10000.0,0.00030006001197238846,,0.4
"G[0,2](x>2) vs G[0,2](x>5)",temporal,,5.0,5.01,0.003322258032472414,,
"G[0,2](x>2) vs G[0,2](x>5)",temporal,,5.0,5.019952124215107,0.006606766196177945,,
"G[0,2](x>2) vs G[0,2](x>5)",temporal,,5.0,5.0398087260727555,0.013095795349067964,,
"G[0,2](x>2) vs G[0,2](x>5)",temporal,,5.0,5.079426864744189,0.02579273431065966,,
"G[0,2](x>2) vs G[0,2](x>5)",temporal,,5.0,5.15847346714325,0.050174053579285276,,
"G[0,2](x>2) vs G[0,2](x>5)",temporal,,5.0,5.316188230132178,0.09534685996178065,,
"G[0,2](x>2) vs G[0,2](x>5)",temporal,,5.0,5.630862684307293,0.17375003281833504,,
"G[0,2](x>2) vs G[0,2](x>5)",temporal,,5.0,6.258705064036252,0.29556044608612775,,
"G[0,2](x>2) vs G[0,2](x>5)",temporal,,5.0,7.511383978847117,0.4556720295326662,,
"G[0,2](x>2) vs G[0,2](x>5)",temporal,,5.0,10.010744509897597,0.6255028952931561,,
"G[0,2](x>2) vs G[0,2](x>5)",temporal,,5.0,14.997499687460932,0.769186317266812,,
"G[0,2](x>2) vs G[0,2](x>5)",temporal,,5.0,24.94713556088856,0.8692646905185876,,
"G[0,2](x>2) vs G[0,2](x>5)",temporal,,5.0,44.79877264563053,0.929904510235744,,
"G[0,2](x>2) vs G[0,2](x>5)",temporal,,5.0,84.4070055454201,0.9635953163964706,,
"G[0,2](x>2) vs G[0,2](x>5)",temporal,,5.0,163.43384382313172,0.9814165300759154,,
"G[0,2](x>2) vs G[0,2](x>5)",temporal,,5.0,321.10917319145,0.9905988255975363,,
"G[0,2](x>2) vs G[0,2](x>5)",temporal,,5.0,635.70494892073,0.9952659340906594,,
"G[0,2](x>2) vs G[0,2](x>5)",temporal,,5.0,1263.3903484261853,0.9976216711968942,,
"G[0,2](x>2) vs G[0,2](x>5)",temporal,,5.0,2515.7560543514996,0.9988065663755984,,
"G[0,2](x>2) vs G[0,2](x>5)",temporal,,5.0,5014.491667149795,0.9994014950650069,,
"G[0,2](x>2) vs G[0,2](x>5)",temporal,,5.0,10000.0,0.9996999398880076,,
"F[0,2](x>2) vs F[0,2](x>5)",temporal,,5.0,5.01,0.33727435656846383,,
"F[0,2](x>2) vs F[0,2](x>5)",temporal,,5.0,5.019952124215107,0.33881711627653616,,
"F[0,2](x>2) vs F[0,2](x>5)",temporal,,5.0,5.0398087260727555,0.34186625671233745,,
"F[0,2](x>2) vs F[0,2](x>5)",temporal,,5.0,5.079426864744189,0.3478371070364993,,
"F[0,2](x>2) vs F[0,2](x>5)",temporal,,5.0,5.15847346714325,0.3593206113173243,,
"F[0,2](x>2) vs F[0,2](x>5)",temporal,,5.0,5.316188230132178,0.38066389373103027,,
"F[0,2](x>2) vs F[0,2](x>5)",temporal,,5.0,5.630862684307293,0.4179439300893285,,
"F[0,2](x>2) vs F[0,2](x>5)",temporal,,5.0,6.258705064036252,0.48326574400571465,,
"F[0,2](x>2) vs F[0,2](x>5)",temporal,,5.0,7.511383978847117,0.5861918734129755,,
"F[0,2](x>2) vs F[0,2](x>5)",temporal,,5.0,10.010744509897597,0.7003487048522273,,
"F[0,2](x>2) vs F[0,2](x>5)",temporal,,5.0,14.997499687460932,0.8038126999991059,,
"F[0,2](x>2) vs F[0,2](x>5)",temporal,,5.0,24.94713556088856,0.8823613006261887,,
"F[0,2](x>2) vs F[0,2](x>5)",temporal,,5.0,44.79877264563053,0.9341272346065763,,
"F[0,2](x>2) vs F[0,2](x>5)",temporal,,5.0,84.4070055454201,0.9648168544997017,,
"F[0,2](x>2) vs F[0,2](x>5)",temporal,,5.0,163.43384382313172,0.9817475230391418,,
"F[0,2](x>2) vs F[0,2](x>5)",temporal,,5.0,321.10917319145,0.9906853105215496,,
"F[0,2](x>2) vs F[0,2](x>5)",temporal,,5.0,635.70494892073,0.9952881006116714,,
"F[0,2](x>2) vs F[0,2](x>5)",temporal,,5.0,1263.3903484261853,0.9976272964268765,,
"F[0,2](x>2) vs F[0,2](x>5)",temporal,,5.0,2515.7560543514996,0.9988079867039856,,
"F[0,2](x>2) vs F[0,2](x>5)",temporal,,5.0,5014.491667149795,0.9994018527735518,,
"F[0,2](x>2) vs F[0,2](x>5)",temporal,,5.0,10000.0,0.9997000298610675,,
"(x>2) U[0,2] (y>0) vs (x>5) U[0,2] (y>0)",temporal,,5.0,5.01,0.6223778278809948,,
"(x>2) U[0,2] (y>0) vs (x>5) U[0,2] (y>0)",temporal,,5.0,5.019952124215107,0.6233163856483638,,
"(x>2) U[0,2] (y>0) vs (x>5) U[0,2] (y>0)",temporal,,5.0,5.0398087260727555,0.6251708955208857,,
"(x>2) U[0,2] (y>0) vs (x>5) U[0,2] (y>0)",temporal,,5.0,5.079426864744189,0.6288005616782566,,
"(x>2) U[0,2] (y>0) vs (x>5) U[0,2] (y>0)",temporal,,5.0,5.15847346714325,0.6357742821232708,,
"(x>2) U[0,2] (y>0) vs (x>5) U[0,2] (y>0)",temporal,,5.0,5.316188230132178,0.6487095914983882,,
"(x>2) U[0,2] (y>0) vs (x>5) U[0,2] (y>0)",temporal,,5.0,5.630862684307293,0.6712139037550432,,
"(x>2) U[0,2] (y>0) vs (x>5) U[0,2] (y>0)",temporal,,5.0,6.258705064036252,0.7103486556829262,,
"(x>2) U[0,2] (y>0) vs (x>5) U[0,2] (y>0)",temporal,,5.0,7.511383978847117,0.771342629393103,,
"(x>2) U[0,2] (y>0) vs (x>5) U[0,2] (y>0)",temporal,,5.0,10.010744509897597,0.8377000508329353,,
"(x>2) U[0,2] (y>0) vs (x>5) U[0,2] (y>0)",temporal,,5.0,14.997499687460932,0.8961352862108373,,
"(x>2) U[0,2] (y>0) vs (x>5) U[0,2] (y>0)",temporal,,5.0,24.94713556088856,0.9389978819618275,,
"(x>2) U[0,2] (y>0) vs (x>5) U[0,2] (y>0)",temporal,,5.0,44.79877264563053,0.9663598299081494,,
"(x>2) U[0,2] (y>0) vs (x>5) U[0,2] (y>0)",temporal,,5.0,84.4070055454201,0.9822048375659791,,
"(x>2) U[0,2] (y>0) vs (x>5) U[0,2] (y>0)",temporal,,5.0,163.43384382313172,0.9908185960256998,,
"(x>2) U[0,2] (y>0) vs (x>5) U[0,2] (y>0)",temporal,,5.0,321.10917319145,0.9953282411067728,,
"(x>2) U[0,2] (y>0) vs (x>5) U[0,2] (y>0)",temporal,,5.0,635.70494892073,0.9976403558856671,,
"(x>2) U[0,2] (y>0) vs (x>5) U[0,2] (y>0)",temporal,,5.0,1263.3903484261853,0.9988127106751079,,
"(x>2) U[0,2] (y>0) vs (x>5) U[0,2] (y>0)",temporal,,5.0,2515.7560543514996,0.999403756630595,,
"(x>2) U[0,2] (y>0) vs (x>5) U[0,2] (y>0)",temporal,,5.0,5014.491667149795,0.9997008667686849,,
"(x>2) U[0,2] (y>0) vs (x>5) U[0,2] (y>0)",temporal,,5.0,10000.0,0.9998499999350239,,
"G[0,2](x>2 && x<5) vs G[0,2](x>2)",temporal,,5.0,5.01,0.9966774097417245,,
"G[0,2](x>2 && x<5) vs G[0,2](x>2)",temporal,,5.0,5.019952124215107,0.9933929026728544,,
"G[0,2](x>2 && x<5) vs G[0,2](x>2)",temporal,,5.0,5.0398087260727555,0.9869038756829734,,
"G[0,2](x>2 && x<5) vs G[0,2](x>2)",temporal,,5.0,5.079426864744189,0.9742069409536933,,
"G[0,2](x>2 && x<5) vs G[0,2](x>2)",temporal,,5.0,5.15847346714325,0.9498256298121714,,
"G[0,2](x>2 && x<5) vs G[0,2](x>2)",temporal,,5.0,5.316188230132178,0.9046528384872733,,
"G[0,2](x>2 && x<5) vs G[0,2](x>2)",temporal,,5.0,5.630862684307293,0.8262496917651011,,
"G[0,2](x>2 && x<5) vs G[0,2](x>2)",temporal,,5.0,6.258705064036252,0.704439319100766,,
"G[0,2](x>2 && x<5) vs G[0,2](x>2)",temporal,,5.0,7.511383978847117,0.5443277890247373,,
"G[0,2](x>2 && x<5) vs G[0,2](x>2)",temporal,,5.0,10.010744509897597,0.37449697987451724,,
"G[0,2](x>2 && x<5) vs G[0,2](x>2)",temporal,,5.0,14.997499687460932,0.23081360579531932,,
"G[0,2](x>2 && x<5) vs G[0,2](x>2)",temporal,,5.0,24.94713556088856,0.13073526590299045,,
"G[0,2](x>2 && x<5) vs G[0,2](x>2)",temporal,,5.0,44.79877264563053,0.07009546639910043,,
"G[0,2](x>2 && x<5) vs G[0,2](x>2)",temporal,,5.0,84.4070055454201,0.036404671468638974,,
"G[0,2](x>2 && x<5) vs G[0,2](x>2)",temporal,,5.0,163.43384382313172,0.018583463729596635,,
"G[0,2](x>2 && x<5) vs G[0,2](x>2)",temporal,,5.0,321.10917319145,0.009401171268739976,,
"G[0,2](x>2 && x<5) vs G[0,2](x>2)",temporal,,5.0,635.70494892073,0.004734064331318967,,
"G[0,2](x>2 && x<5) vs G[0,2](x>2)",temporal,,5.0,1263.3903484261853,0.0023783280103298076,,
"G[0,2](x>2 && x<5) vs G[0,2](x>2)",temporal,,5.0,2515.7560543514996,0.0011934332265906799,,
"G[0,2](x>2 && x<5) vs G[0,2](x>2)",temporal,,5.0,5014.491667149795,0.0005985047354916315,,
"G[0,2](x>2 && x<5) vs G[0,2](x>2)",temporal,,5.0,10000.0,0.00030006001197238846,,
