block,phi,theta,G,VolJ,PH_over_2D,SD
benchmark,"F[0,2](x>0)","G[0,2](x>0)",0.7857142857142857,0.1428569591838484,0.5,0.25
benchmark,"F[0,2](x>0)","F[3,4](x>0)",0.0,0.6774190385016675,0.5,0.25
benchmark,"F[0,2](z>0)","F[0,2](x>0)",0.0,0.7777774814815308,0.5,0.5
benchmark,"G[0,2](x>0)","G[0,2](x>0 || y>0)",0.41666666666666663,0.29629614814827165,0.5,0.0
benchmark,"G[0,2](x>0)","G[0,2](x>0 && y>0)",0.5,0.12499981250018748,0.5,0.5
benchmark,"F[0,2](x>0)","F[0,2](x>0 || y>0 || z>0 || w>0)",0.2448005698005698,0.8752134889502546,0.5,0.0
benchmark,"F[0,2](x>0)","F[0,2](x>0 && y>0 && z>0 && w>0)",0.25,0.2011715414345009,0.5000000000000001,0.75
benchmark,"F[0,2](x>0 && y>0)","F[0,2](x>0 || y>0)",0.9656084656084656,0.5873011866970814,0.5,0.25
benchmark,"F[0,2](x<5)","F[0,2](x>0)",0.4244228273672844,0.8744212948495361,0.5,0.29166666666666663
benchmark,"F[0,4](x>0)","F[0,2](x>0)",0.5903225806451613,0.9032256857440434,0.5,0.0
madsen,true,"G[0,20](x>=0.2 && x<=0.4)",0.0,8.538782232323488e-25,0.5714289285714282,0.9285714285714286
madsen,true,"G[0,20](x>=0.2 && x<=0.44)",0.0,2.174019828184805e-23,0.5694444444444442,0.9166666666666667
madsen,true,"F[0,20](x>=0.2 && x<=0.4)",0.0,0.7890812762525856,0.5714285714285712,0.9964285714285713
madsen,true,"G[0,20](x>=0.2 && x<=0.4) && F[0,20](x>=0.2 && x<=0.44)",0.0,4.72573502924162e-25,0.5694444444444442,0.9305555555555556
madsen,true,"G[0,10](x>=0.2 && x<=0.4) && G[12,20](x>=0.2 && x<=0.44)",0.0,3.511308232308601e-23,0.5694444444444442,0.9319444444444445
madsen,true,"G[0,16] F[0,4](x>=0.2 && x<=0.4)",0.0,0.0012854355865481656,0.5714289285714282,0.9392857142857143
madsen,"G[0,20](x>=0.2 && x<=0.4)","G[0,20](x>=0.2 && x<=0.44)",0.8333312500260416,0.021735569952618102,0.013888888888888593,0.01388888888888895
madsen,"G[0,20](x>=0.2 && x<=0.4)","F[0,20](x>=0.2 && x<=0.4)",0.6667000876626367,1.0821169490771464e-24,0.5714289285714282,0.06785714285714282
madsen,"G[0,20](x>=0.2 && x<=0.4)","G[0,20](x>=0.2 && x<=0.4) && F[0,20](x>=0.2 && x<=0.44)",1.0,1.0,0.0,0.0
madsen,"G[0,20](x>=0.2 && x<=0.4)","G[0,10](x>=0.2 && x<=0.4) && G[12,20](x>=0.2 && x<=0.44)",0.8809514881063989,0.013458616323564857,0.5694447916666664,0.012500000000000022
madsen,"G[0,20](x>=0.2 && x<=0.4)","G[0,16] F[0,4](x>=0.2 && x<=0.4)",0.707016719357896,6.642714984461446e-22,0.5714289285714282,0.01071428571428571
madsen,"G[0,20](x>=0.2 && x<=0.44)","F[0,20](x>=0.2 && x<=0.4)",0.560957943870928,2.789532169541878e-23,0.5694447916666663,0.07986111111111113
madsen,"G[0,20](x>=0.2 && x<=0.44)","G[0,20](x>=0.2 && x<=0.4) && F[0,20](x>=0.2 && x<=0.44)",0.8333312500260416,0.021735569952618102,0.013888888888888593,0.01388888888888895
madsen,"G[0,20](x>=0.2 && x<=0.44)","G[0,10](x>=0.2 && x<=0.4) && G[12,20](x>=0.2 && x<=0.44)",0.8650782738231645,0.05425891655221986,0.5694447916666664,0.015277777777777812
madsen,"G[0,20](x>=0.2 && x<=0.44)","G[0,16] F[0,4](x>=0.2 && x<=0.4)",0.5939047700217881,1.8955364643756503e-20,0.5694447916666663,0.024305555555555615
madsen,"F[0,20](x>=0.2 && x<=0.4)","G[0,20](x>=0.2 && x<=0.4) && F[0,20](x>=0.2 && x<=0.44)",0.6667000876626367,6.063207160615604e-25,0.5694447916666663,0.0659722222222222
madsen,"F[0,20](x>=0.2 && x<=0.4)","G[0,10](x>=0.2 && x<=0.4) && G[12,20](x>=0.2 && x<=0.44)",0.5896344028155884,4.505074678441839e-23,0.5694444444444442,0.06458333333333333
madsen,"F[0,20](x>=0.2 && x<=0.4)","G[0,16] F[0,4](x>=0.2 && x<=0.4)",0.9780575925920578,0.001629028118184237,0.5714289285714282,0.05714285714285712
madsen,"G[0,20](x>=0.2 && x<=0.4) && F[0,20](x>=0.2 && x<=0.44)","G[0,10](x>=0.2 && x<=0.4) && G[12,20](x>=0.2 && x<=0.44)",0.8809514881063989,0.013458616323564857,0.5694447916666664,0.012500000000000022
madsen,"G[0,20](x>=0.2 && x<=0.4) && F[0,20](x>=0.2 && x<=0.44)","G[0,16] F[0,4](x>=0.2 && x<=0.4)",0.707016719357896,4.127662197334372e-22,0.5694447916666663,0.010416666666666663
madsen,"G[0,10](x>=0.2 && x<=0.4) && G[12,20](x>=0.2 && x<=0.44)","G[0,16] F[0,4](x>=0.2 && x<=0.4)",0.6246392520598877,3.0633846964023697e-20,0.5694447916666663,0.022916666666666686
equivalent,"F[0,1](x>0)","F[0,0](x>0) || F[1,1](x>0)",1.0,1.0,0.0,0.5
equivalent,"F[0,2](x>0)","F[0,1](x>0) || F[2,2](x>0)",1.0,1.0,0.0,0.0
equivalent,"G[0,2](x>0 && y<1)","G[0,2](x>0) && G[0,2](y<1)",1.0,1.0,0.0,0.0
equivalent,"F[0,2](x>0 || y>0)","F[0,2](x>0) || F[0,2](y>0)",1.0,1.0,0.0,0.0
equivalent,"!F[0,2](x>0)","G[0,2](x<=0)",1.0,1.0,0.0,0.0
equivalent,"G[0,1] G[0,1](x>0)","G[0,2](x>0)",1.0,1.0,0.0,0.0
equivalent,"F[0,1] F[0,1](x>0)","F[0,2](x>0)",1.0,1.0,0.0,0.25
equivalent,"G[0,2](x>0)","G[0,2](x>0) && F[0,2](x>0)",1.0,1.0,0.0,0.0
equivalent,"(x>0) U[0,2] (y>0)","(x>0) U[0,2] (x>0 && y>0)",1.0,1.0,0.0,0.0
equivalent,"(x>=0 || x<0) U[0,2] (y>0)","F[0,2](y>0)",1.0,1.0,0.0,0.25
equivalent,"G[0,2]((x>0 && x<2) || (x>1 && x<3))","G[0,2](x>0 && x<3)",1.0,1.0,0.0,0.125
equivalent,"F[0,2]((x>0 && x<2) || (x>1 && x<3))","F[0,2](x>0 && x<3)",1.0,1.0,0.0,0.0625
equivalent,"G[0,2]((x>0 && x<2 && y>0 && y<1) || (x>0 && x<1 && y>0 && y<2))","G[0,2]((x>0 && x<1 && y>0 && y<2) || (x>=1 && x<2 && y>0 && y<1))",1.0,1.0,0.0,0.0
equivalent,"G[0,3](x>0) || F[0,3](x>0 && x<1)","G[0,3](x>0) || F[0,3](x>0 && x<1) || G[0,3](x>2)",1.0,1.0,0.0,0.0
