family,n_vars,T,G,VolJ,seconds_G,seconds_VolJ,formula1,formula2
G,1,0,0.8333312500260414,0.8333312500260414,0.0015655750003134017,0.0006905919999553589,(x>=0.2 && x<=0.4),(x>=0.2 && x<=0.44)
G,1,1,0.8333312500260414,0.6944409722699647,0.0021993270001985366,0.0037062010005683987,"G[0,1](x>=0.2 && x<=0.4)","G[0,1](x>=0.2 && x<=0.44)"
G,1,2,0.8333312500260414,0.5786993634910291,0.00323458999991999,0.001757394999913231,"G[0,2](x>=0.2 && x<=0.4)","G[0,2](x>=0.2 && x<=0.44)"
G,1,3,0.8333312500260414,0.48224826396725373,0.00574208699981682,0.0023440969998773653,"G[0,3](x>=0.2 && x<=0.4)","G[0,3](x>=0.2 && x<=0.44)"
G,1,4,0.8333312500260414,0.40187254863471994,0.0053427559996634955,0.003220300000066345,"G[0,4](x>=0.2 && x<=0.4)","G[0,4](x>=0.2 && x<=0.44)"
G,1,6,0.8333312500260412,0.2790767634025035,0.007736722999652557,0.004153973000029509,"G[0,6](x>=0.2 && x<=0.4)","G[0,6](x>=0.2 && x<=0.44)"
G,1,8,0.8333312500260412,0.19380233891518947,0.010414291000415687,0.005572026999288937,"G[0,8](x>=0.2 && x<=0.4)","G[0,8](x>=0.2 && x<=0.44)"
G,1,10,0.8333312500260412,0.13458428466445743,0.012909078999655321,0.007511511999837239,"G[0,10](x>=0.2 && x<=0.4)","G[0,10](x>=0.2 && x<=0.44)"
G,1,12,0.8333312500260414,0.09346084149464351,0.015730537000308686,0.009165536999717006,"G[0,12](x>=0.2 && x<=0.4)","G[0,12](x>=0.2 && x<=0.44)"
G,1,16,0.8333312500260415,0.04507132855971053,0.025342285000078846,0.013593710999884934,"G[0,16](x>=0.2 && x<=0.4)","G[0,16](x>=0.2 && x<=0.44)"
G,1,20,0.8333312500260416,0.021735569952618102,0.029937430000245513,0.017656691999945906,"G[0,20](x>=0.2 && x<=0.4)","G[0,20](x>=0.2 && x<=0.44)"
G,1,24,0.8333312500260416,0.010481940875988884,0.04024460100026772,0.026152647999879264,"G[0,24](x>=0.2 && x<=0.4)","G[0,24](x>=0.2 && x<=0.44)"
G,1,28,0.8333312500260417,0.0050548977904530355,0.04903677600032097,0.029295587999513373,"G[0,28](x>=0.2 && x<=0.4)","G[0,28](x>=0.2 && x<=0.44)"
G,1,32,0.8333312500260417,0.002437715683977882,0.06037911000021268,0.03679809999994177,"G[0,32](x>=0.2 && x<=0.4)","G[0,32](x>=0.2 && x<=0.44)"
G,1,36,0.8333312500260417,0.0011755841566440804,0.07012767000014719,0.04248862599979475,"G[0,36](x>=0.2 && x<=0.4)","G[0,36](x>=0.2 && x<=0.44)"
G,1,40,0.8333312500260417,0.0005669234186890159,0.09622948699961853,0.05308674800016888,"G[0,40](x>=0.2 && x<=0.4)","G[0,40](x>=0.2 && x<=0.44)"
G,2,0,0.8333312500260414,0.6944409722699647,0.0021001259992772248,0.0013392339997153613,(x>=0.2 && x<=0.4 && y>=0.2 && y<=0.4),(x>=0.2 && x<=0.44 && y>=0.2 && y<=0.44)
G,2,1,0.8333312500260414,0.48224826396725373,0.003802471000199148,0.0026873679998971056,"G[0,1](x>=0.2 && x<=0.4 && y>=0.2 && y<=0.4)","G[0,1](x>=0.2 && x<=0.44 && y>=0.2 && y<=0.44)"
G,2,2,0.8333312500260414,0.3348929533049222,0.006060398000045097,0.0037440209998749197,"G[0,2](x>=0.2 && x<=0.4 && y>=0.2 && y<=0.4)","G[0,2](x>=0.2 && x<=0.44 && y>=0.2 && y<=0.44)"
G,2,3,0.8333312500260412,0.23256338809943009,0.008271725000668084,0.005201496000154293,"G[0,3](x>=0.2 && x<=0.4 && y>=0.2 && y<=0.4)","G[0,3](x>=0.2 && x<=0.44 && y>=0.2 && y<=0.44)"
G,2,4,0.8333312500260412,0.1615015453461654,0.010784322000290558,0.0069876010002190014,"G[0,4](x>=0.2 && x<=0.4 && y>=0.2 && y<=0.4)","G[0,4](x>=0.2 && x<=0.44 && y>=0.2 && y<=0.44)"
G,2,6,0.8333312500260414,0.07788383987121697,0.015688247000070987,0.01095137300035276,"G[0,6](x>=0.2 && x<=0.4 && y>=0.2 && y<=0.4)","G[0,6](x>=0.2 && x<=0.44 && y>=0.2 && y<=0.44)"
G,2,8,0.8333312500260415,0.03755934656899798,0.022156056000312674,0.01725242199972854,"G[0,8](x>=0.2 && x<=0.4 && y>=0.2 && y<=0.4)","G[0,8](x>=0.2 && x<=0.44 && y>=0.2 && y<=0.44)"
G,2,10,0.8333312500260416,0.018112929678643707,0.02874852600052691,0.020080249999409716,"G[0,10](x>=0.2 && x<=0.4 && y>=0.2 && y<=0.4)","G[0,10](x>=0.2 && x<=0.44 && y>=0.2 && y<=0.44)"
G,2,12,0.8333312500260417,0.008734928892886873,0.03727204100050585,0.02896834700004547,"G[0,12](x>=0.2 && x<=0.4 && y>=0.2 && y<=0.4)","G[0,12](x>=0.2 && x<=0.44 && y>=0.2 && y<=0.44)"
G,2,16,0.8333312500260417,0.0020314246581373753,0.05360180999923614,0.0412558629996056,"G[0,16](x>=0.2 && x<=0.4 && y>=0.2 && y<=0.4)","G[0,16](x>=0.2 && x<=0.44 && y>=0.2 && y<=0.44)"
G,2,20,0.8333312500260417,0.00047243500116515456,0.08812282300004881,0.057333110999934433,"G[0,20](x>=0.2 && x<=0.4 && y>=0.2 && y<=0.4)","G[0,20](x>=0.2 && x<=0.44 && y>=0.2 && y<=0.44)"
G,2,24,0.8333312500260418,0.0001098710845277265,0.10276361699925474,0.07471064199944522,"G[0,24](x>=0.2 && x<=0.4 && y>=0.2 && y<=0.4)","G[0,24](x>=0.2 && x<=0.44 && y>=0.2 && y<=0.44)"
G,2,28,0.8333312500260418,2.5551991671926955e-05,0.13791796100031206,0.09723071999997046,"G[0,28](x>=0.2 && x<=0.4 && y>=0.2 && y<=0.4)","G[0,28](x>=0.2 && x<=0.44 && y>=0.2 && y<=0.44)"
G,2,32,0.8333312500260418,5.942457755911752e-06,0.16444203999981255,0.11723977000019659,"G[0,32](x>=0.2 && x<=0.4 && y>=0.2 && y<=0.4)","G[0,32](x>=0.2 && x<=0.44 && y>=0.2 && y<=0.44)"
G,2,36,0.8333312500260418,1.3819981093525725e-06,0.1969360470002357,0.1550242729999809,"G[0,36](x>=0.2 && x<=0.4 && y>=0.2 && y<=0.4)","G[0,36](x>=0.2 && x<=0.44 && y>=0.2 && y<=0.44)"
G,2,40,0.8333312500260414,3.21402162658041e-07,0.21532693300014216,0.1820542129999012,"G[0,40](x>=0.2 && x<=0.4 && y>=0.2 && y<=0.4)","G[0,40](x>=0.2 && x<=0.44 && y>=0.2 && y<=0.44)"
G,3,0,0.8333312500260414,0.5786993634910291,0.003112139000222669,0.001877405999948678,(x>=0.2 && x<=0.4 && y>=0.2 && y<=0.4 && z>=0.2 && z<=0.4),(x>=0.2 && x<=0.44 && y>=0.2 && y<=0.44 && z>=0.2 && z<=0.44)
G,3,1,0.8333312500260414,0.3348929533049222,0.006368469000335608,0.0038228920002438826,"G[0,1](x>=0.2 && x<=0.4 && y>=0.2 && y<=0.4 && z>=0.2 && z<=0.4)","G[0,1](x>=0.2 && x<=0.44 && y>=0.2 && y<=0.44 && z>=0.2 && z<=0.44)"
G,3,2,0.8333312500260412,0.19380233891518947,0.0095165780003299,0.005940827999438625,"G[0,2](x>=0.2 && x<=0.4 && y>=0.2 && y<=0.4 && z>=0.2 && z<=0.4)","G[0,2](x>=0.2 && x<=0.44 && y>=0.2 && y<=0.44 && z>=0.2 && z<=0.44)"
G,3,3,0.8333312500260414,0.11215329017329288,0.01281827799994062,0.008480905999931565,"G[0,3](x>=0.2 && x<=0.4 && y>=0.2 && y<=0.4 && z>=0.2 && z<=0.4)","G[0,3](x>=0.2 && x<=0.44 && y>=0.2 && y<=0.44 && z>=0.2 && z<=0.44)"
G,3,4,0.8333312500260415,0.0649030376367093,0.01689158099998167,0.011143532999994932,"G[0,4](x>=0.2 && x<=0.4 && y>=0.2 && y<=0.4 && z>=0.2 && z<=0.4)","G[0,4](x>=0.2 && x<=0.44 && y>=0.2 && y<=0.44 && z>=0.2 && z<=0.44)"
G,3,6,0.8333312500260416,0.021735569952618102,0.0446742929998436,0.017968964000829146,"G[0,6](x>=0.2 && x<=0.4 && y>=0.2 && y<=0.4 && z>=0.2 && z<=0.4)","G[0,6](x>=0.2 && x<=0.44 && y>=0.2 && y<=0.44 && z>=0.2 && z<=0.44)"
G,3,8,0.8333312500260417,0.007279089213198004,0.037018151000665966,0.02669538900045154,"G[0,8](x>=0.2 && x<=0.4 && y>=0.2 && y<=0.4 && z>=0.2 && z<=0.4)","G[0,8](x>=0.2 && x<=0.44 && y>=0.2 && y<=0.44 && z>=0.2 && z<=0.44)"
G,3,10,0.8333312500260417,0.002437715683977882,0.049307287000374345,0.036856470000202535,"G[0,10](x>=0.2 && x<=0.4 && y>=0.2 && y<=0.4 && z>=0.2 && z<=0.4)","G[0,10](x>=0.2 && x<=0.44 && y>=0.2 && y<=0.44 && z>=0.2 && z<=0.44)"
G,3,12,0.8333312500260417,0.0008163738047250815,0.06287597800019284,0.04842740399999457,"G[0,12](x>=0.2 && x<=0.4 && y>=0.2 && y<=0.4 && z>=0.2 && z<=0.4)","G[0,12](x>=0.2 && x<=0.44 && y>=0.2 && y<=0.44 && z>=0.2 && z<=0.44)"
G,3,16,0.8333312500260418,9.155900821120718e-05,0.09336800900018716,0.08921719600039069,"G[0,16](x>=0.2 && x<=0.4 && y>=0.2 && y<=0.4 && z>=0.2 && z<=0.4)","G[0,16](x>=0.2 && x<=0.44 && y>=0.2 && y<=0.44 && z>=0.2 && z<=0.44)"
G,3,20,0.8333312500260418,1.0268644015890423e-05,0.13534567300030176,0.12139649300024757,"G[0,20](x>=0.2 && x<=0.4 && y>=0.2 && y<=0.4 && z>=0.2 && z<=0.4)","G[0,20](x>=0.2 && x<=0.44 && y>=0.2 && y<=0.44 && z>=0.2 && z<=0.44)"
G,3,24,0.8333312500260418,1.1516622120004052e-06,0.19067504899976484,0.1490721139998641,"G[0,24](x>=0.2 && x<=0.4 && y>=0.2 && y<=0.4 && z>=0.2 && z<=0.4)","G[0,24](x>=0.2 && x<=0.44 && y>=0.2 && y<=0.44 && z>=0.2 && z<=0.44)"
G,3,28,0.833331250026041,1.2916270624409774e-07,0.25513380099982896,0.19698630800030514,"G[0,28](x>=0.2 && x<=0.4 && y>=0.2 && y<=0.4 && z>=0.2 && z<=0.4)","G[0,28](x>=0.2 && x<=0.44 && y>=0.2 && y<=0.44 && z>=0.2 && z<=0.44)"
G,3,32,0.8333312500260402,1.4486022472962068e-08,0.32023345499965217,0.25521714099977544,"G[0,32](x>=0.2 && x<=0.4 && y>=0.2 && y<=0.4 && z>=0.2 && z<=0.4)","G[0,32](x>=0.2 && x<=0.44 && y>=0.2 && y<=0.44 && z>=0.2 && z<=0.44)"
G,3,36,0.8333312500260397,1.6246550818669575e-09,0.3779825970004822,0.34758942699954787,"G[0,36](x>=0.2 && x<=0.4 && y>=0.2 && y<=0.4 && z>=0.2 && z<=0.4)","G[0,36](x>=0.2 && x<=0.44 && y>=0.2 && y<=0.44 && z>=0.2 && z<=0.44)"
G,3,40,0.8333312500260392,1.822104128281398e-10,0.4788288679992547,0.4449293570005466,"G[0,40](x>=0.2 && x<=0.4 && y>=0.2 && y<=0.4 && z>=0.2 && z<=0.4)","G[0,40](x>=0.2 && x<=0.44 && y>=0.2 && y<=0.44 && z>=0.2 && z<=0.44)"
F,1,0,0.8333312500260414,0.8333312500260414,0.0012722439996650792,0.0006170110000311979,(x>=0.2 && x<=0.4),(x>=0.2 && x<=0.44)
F,1,1,0.8923062574122523,0.8393700299564673,0.004935884000587976,0.0012350940005489974,"F[0,1](x>=0.2 && x<=0.4)","F[0,1](x>=0.2 && x<=0.44)"
F,1,2,0.9109299439552664,0.8452845856087519,0.007693632999689726,0.0018155859997932566,"F[0,2](x>=0.2 && x<=0.4)","F[0,2](x>=0.2 && x<=0.44)"
F,1,3,0.9195254915905035,0.8510722206787533,0.012653578000026755,0.006700760000057926,"F[0,3](x>=0.2 && x<=0.4)","F[0,3](x>=0.2 && x<=0.44)"
F,1,4,0.9241695315450866,0.8567305199504237,0.013467520000631339,0.0029131490000509075,"F[0,4](x>=0.2 && x<=0.4)","F[0,4](x>=0.2 && x<=0.44)"
F,1,6,0.9285677238284462,0.8676508868763668,0.023978532000000996,0.0043818430003739195,"F[0,6](x>=0.2 && x<=0.4)","F[0,6](x>=0.2 && x<=0.44)"
F,1,8,0.930310390803794,0.8780321533257254,0.038394494999920425,0.005665697000040382,"F[0,8](x>=0.2 && x<=0.4)","F[0,8](x>=0.2 && x<=0.44)"
F,1,10,0.9310481074491246,0.8878654631829634,0.06332493900026748,0.009602838999853702,"F[0,10](x>=0.2 && x<=0.4)","F[0,10](x>=0.2 && x<=0.44)"
F,1,12,0.9313691021015686,0.897146578550569,0.106903138999769,0.009183557000142173,"F[0,12](x>=0.2 && x<=0.4)","F[0,12](x>=0.2 && x<=0.44)"
F,1,16,0.9315729973011663,0.9140573491947636,0.3055544020007801,0.013173588999961794,"F[0,16](x>=0.2 && x<=0.4)","F[0,16](x>=0.2 && x<=0.44)"
F,1,20,0.9316130739856382,0.9288149823441249,0.6311964930000613,0.017376240999510628,"F[0,20](x>=0.2 && x<=0.4)","F[0,20](x>=0.2 && x<=0.44)"
F,1,24,0.93162098264615,0.9415261743276713,1.0614779249999629,0.02181474499957403,"F[0,24](x>=0.2 && x<=0.4)","F[0,24](x>=0.2 && x<=0.44)"
F,1,28,0.931622544549716,0.952340248589613,1.8891189630003282,0.03276802799973666,"F[0,28](x>=0.2 && x<=0.4)","F[0,28](x>=0.2 && x<=0.44)"
F,1,32,0.9316228530621327,0.9614347543666993,3.1185896159995536,0.034870043999944755,"F[0,32](x>=0.2 && x<=0.4)","F[0,32](x>=0.2 && x<=0.44)"
F,1,36,0.9316229140024008,0.9690018500602443,4.673944737000056,0.04146126399973582,"F[0,36](x>=0.2 && x<=0.4)","F[0,36](x>=0.2 && x<=0.44)"
F,1,40,0.9316229260399692,0.9752366166559842,6.280986716999905,0.05245598700003029,"F[0,40](x>=0.2 && x<=0.4)","F[0,40](x>=0.2 && x<=0.44)"
F,2,0,0.8333312500260414,0.6944409722699647,0.0021591969998553395,0.001182943000458181,(x>=0.2 && x<=0.4 && y>=0.2 && y<=0.4),(x>=0.2 && x<=0.44 && y>=0.2 && y<=0.44)
F,2,1,0.8853680212491687,0.6951803366881488,0.010137870000107796,0.002512808000574296,"F[0,1](x>=0.2 && x<=0.4 && y>=0.2 && y<=0.4)","F[0,1](x>=0.2 && x<=0.44 && y>=0.2 && y<=0.44)"
F,2,2,0.9026336780605286,0.6959190272219855,0.017765372999747342,0.003616201000113506,"F[0,2](x>=0.2 && x<=0.4 && y>=0.2 && y<=0.4)","F[0,2](x>=0.2 && x<=0.44 && y>=0.2 && y<=0.44)"
F,2,3,0.9112069697185831,0.69665704007832,0.03193569499944715,0.005276605999824824,"F[0,3](x>=0.2 && x<=0.4 && y>=0.2 && y<=0.4)","F[0,3](x>=0.2 && x<=0.44 && y>=0.2 && y<=0.44)"
F,2,4,0.9163037738305068,0.6973943714748575,0.07144669300032547,0.0068226509993110085,"F[0,4](x>=0.2 && x<=0.4 && y>=0.2 && y<=0.4)","F[0,4](x>=0.2 && x<=0.44 && y>=0.2 && y<=0.44)"
F,2,6,0.9220293588179912,0.6988669748141787,0.39477721500043117,0.010804502000610228,"F[0,6](x>=0.2 && x<=0.4 && y>=0.2 && y<=0.4)","F[0,6](x>=0.2 && x<=0.44 && y>=0.2 && y<=0.44)"
F,2,8,0.925110121944055,0.700336807202054,1.6531666009996115,0.015591776999826834,"F[0,8](x>=0.2 && x<=0.4 && y>=0.2 && y<=0.4)","F[0,8](x>=0.2 && x<=0.44 && y>=0.2 && y<=0.44)"
F,2,10,0.9269921840709828,0.7018038387798375,4.190444163000393,0.02040124100039975,"F[0,10](x>=0.2 && x<=0.4 && y>=0.2 && y<=0.4)","F[0,10](x>=0.2 && x<=0.44 && y>=0.2 && y<=0.44)"
F,2,12,0.9282322765301335,0.7032680398708452,8.521537849999731,0.026373447999503696,"F[0,12](x>=0.2 && x<=0.4 && y>=0.2 && y<=0.4)","F[0,12](x>=0.2 && x<=0.44 && y>=0.2 && y<=0.44)"
F,3,0,0.8333312500260414,0.5786993634910291,0.0032282089996442664,0.0017148450006061466,(x>=0.2 && x<=0.4 && y>=0.2 && y<=0.4 && z>=0.2 && z<=0.4),(x>=0.2 && x<=0.44 && y>=0.2 && y<=0.44 && z>=0.2 && z<=0.44)
F,3,1,0.8834043695048998,0.5787699321722288,0.014652892999947653,0.004094062000149279,"F[0,1](x>=0.2 && x<=0.4 && y>=0.2 && y<=0.4 && z>=0.2 && z<=0.4)","F[0,1](x>=0.2 && x<=0.44 && y>=0.2 && y<=0.44 && z>=0.2 && z<=0.44)"
F,3,2,0.9000874876226777,0.5788404987061581,0.039190266000332485,0.0061054379993947805,"F[0,2](x>=0.2 && x<=0.4 && y>=0.2 && y<=0.4 && z>=0.2 && z<=0.4)","F[0,2](x>=0.2 && x<=0.44 && y>=0.2 && y<=0.44 && z>=0.2 && z<=0.44)"
F,3,3,0.9084231096288565,0.5789110630899341,0.15696206600023288,0.008874207000189926,"F[0,3](x>=0.2 && x<=0.4 && y>=0.2 && y<=0.4 && z>=0.2 && z<=0.4)","F[0,3](x>=0.2 && x<=0.44 && y>=0.2 && y<=0.44 && z>=0.2 && z<=0.44)"
F,3,4,0.9134197379216912,0.5789816253206752,0.6404795349999404,0.011873144999299257,"F[0,4](x>=0.2 && x<=0.4 && y>=0.2 && y<=0.4 && z>=0.2 && z<=0.4)","F[0,4](x>=0.2 && x<=0.44 && y>=0.2 && y<=0.44 && z>=0.2 && z<=0.44)"
F,3,6,0.9191200209022145,0.5791227433115249,4.844793112999469,0.019119436999972095,"F[0,6](x>=0.2 && x<=0.4 && y>=0.2 && y<=0.4 && z>=0.2 && z<=0.4)","F[0,6](x>=0.2 && x<=0.44 && y>=0.2 && y<=0.44 && z>=0.2 && z<=0.44)"
F,3,8,0.9222763506661809,0.5792638526556537,14.740253474999918,0.028871675000118557,"F[0,8](x>=0.2 && x<=0.4 && y>=0.2 && y<=0.4 && z>=0.2 && z<=0.4)","F[0,8](x>=0.2 && x<=0.44 && y>=0.2 && y<=0.44 && z>=0.2 && z<=0.44)"
