req,sample1,sample2,ow_12,ow_21,G
R1,haiku-1,haiku-2,1.000000,1.000000,1.000000
R1,haiku-1,haiku-3,1.000000,1.000000,1.000000
R1,haiku-1,opus-1,1.000000,1.000000,1.000000
R1,haiku-1,opus-2,1.000000,1.000000,1.000000
R1,haiku-1,opus-3,1.000000,1.000000,1.000000
R1,haiku-1,sonnet-1,1.000000,1.000000,1.000000
R1,haiku-1,sonnet-2,1.000000,1.000000,1.000000
R1,haiku-1,sonnet-3,1.000000,1.000000,1.000000
R1,haiku-2,haiku-3,1.000000,1.000000,1.000000
R1,haiku-2,opus-1,1.000000,1.000000,1.000000
R1,haiku-2,opus-2,1.000000,1.000000,1.000000
R1,haiku-2,opus-3,1.000000,1.000000,1.000000
R1,haiku-2,sonnet-1,1.000000,1.000000,1.000000
R1,haiku-2,sonnet-2,1.000000,1.000000,1.000000
R1,haiku-2,sonnet-3,1.000000,1.000000,1.000000
R1,haiku-3,opus-1,1.000000,1.000000,1.000000
R1,haiku-3,opus-2,1.000000,1.000000,1.000000
R1,haiku-3,opus-3,1.000000,1.000000,1.000000
R1,haiku-3,sonnet-1,1.000000,1.000000,1.000000
R1,haiku-3,sonnet-2,1.000000,1.000000,1.000000
R1,haiku-3,sonnet-3,1.000000,1.000000,1.000000
R1,opus-1,opus-2,1.000000,1.000000,1.000000
R1,opus-1,opus-3,1.000000,1.000000,1.000000
R1,opus-1,sonnet-1,1.000000,1.000000,1.000000
R1,opus-1,sonnet-2,1.000000,1.000000,1.000000
R1,opus-1,sonnet-3,1.000000,1.000000,1.000000
R1,opus-2,opus-3,1.000000,1.000000,1.000000
R1,opus-2,sonnet-1,1.000000,1.000000,1.000000
R1,opus-2,sonnet-2,1.000000,1.000000,1.000000
R1,opus-2,sonnet-3,1.000000,1.000000,1.000000
R1,opus-3,sonnet-1,1.000000,1.000000,1.000000
R1,opus-3,sonnet-2,1.000000,1.000000,1.000000
R1,opus-3,sonnet-3,1.000000,1.000000,1.000000
R1,sonnet-1,sonnet-2,1.000000,1.000000,1.000000
R1,sonnet-1,sonnet-3,1.000000,1.000000,1.000000
R1,sonnet-2,sonnet-3,1.000000,1.000000,1.000000
R2,haiku-1,haiku-2,1.000000,0.500000,0.750000
R2,haiku-1,haiku-3,1.000000,0.500000,0.750000
R2,haiku-1,opus-1,1.000000,1.000000,1.000000
R2,haiku-1,opus-2,1.000000,1.000000,1.000000
R2,haiku-1,opus-3,1.000000,1.000000,1.000000
R2,haiku-1,sonnet-1,1.000000,1.000000,1.000000
R2,haiku-1,sonnet-2,1.000000,1.000000,1.000000
R2,haiku-1,sonnet-3,1.000000,1.000000,1.000000
R2,haiku-2,haiku-3,1.000000,1.000000,1.000000
R2,haiku-2,opus-1,0.500000,1.000000,0.750000
R2,haiku-2,opus-2,0.500000,1.000000,0.750000
R2,haiku-2,opus-3,0.500000,1.000000,0.750000
R2,haiku-2,sonnet-1,0.500000,1.000000,0.750000
R2,haiku-2,sonnet-2,0.500000,1.000000,0.750000
R2,haiku-2,sonnet-3,0.500000,1.000000,0.750000
R2,haiku-3,opus-1,0.500000,1.000000,0.750000
R2,haiku-3,opus-2,0.500000,1.000000,0.750000
R2,haiku-3,opus-3,0.500000,1.000000,0.750000
R2,haiku-3,sonnet-1,0.500000,1.000000,0.750000
R2,haiku-3,sonnet-2,0.500000,1.000000,0.750000
R2,haiku-3,sonnet-3,0.500000,1.000000,0.750000
R2,opus-1,opus-2,1.000000,1.000000,1.000000
R2,opus-1,opus-3,1.000000,1.000000,1.000000
R2,opus-1,sonnet-1,1.000000,1.000000,1.000000
R2,opus-1,sonnet-2,1.000000,1.000000,1.000000
R2,opus-1,sonnet-3,1.000000,1.000000,1.000000
R2,opus-2,opus-3,1.000000,1.000000,1.000000
R2,opus-2,sonnet-1,1.000000,1.000000,1.000000
R2,opus-2,sonnet-2,1.000000,1.000000,1.000000
R2,opus-2,sonnet-3,1.000000,1.000000,1.000000
R2,opus-3,sonnet-1,1.000000,1.000000,1.000000
R2,opus-3,sonnet-2,1.000000,1.000000,1.000000
R2,opus-3,sonnet-3,1.000000,1.000000,1.000000
R2,sonnet-1,sonnet-2,1.000000,1.000000,1.000000
R2,sonnet-1,sonnet-3,1.000000,1.000000,1.000000
R2,sonnet-2,sonnet-3,1.000000,1.000000,1.000000
R3,haiku-1,haiku-2,1.000000,1.000000,1.000000
R3,haiku-1,haiku-3,1.000000,1.000000,1.000000
R3,haiku-1,opus-1,1.000000,1.000000,1.000000
R3,haiku-1,opus-2,1.000000,1.000000,1.000000
R3,haiku-1,opus-3,1.000000,1.000000,1.000000
R3,haiku-1,sonnet-1,1.000000,1.000000,1.000000
R3,haiku-1,sonnet-2,1.000000,1.000000,1.000000
R3,haiku-1,sonnet-3,1.000000,1.000000,1.000000
R3,haiku-2,haiku-3,1.000000,1.000000,1.000000
R3,haiku-2,opus-1,1.000000,1.000000,1.000000
R3,haiku-2,opus-2,1.000000,1.000000,1.000000
R3,haiku-2,opus-3,1.000000,1.000000,1.000000
R3,haiku-2,sonnet-1,1.000000,1.000000,1.000000
R3,haiku-2,sonnet-2,1.000000,1.000000,1.000000
R3,haiku-2,sonnet-3,1.000000,1.000000,1.000000
R3,haiku-3,opus-1,1.000000,1.000000,1.000000
R3,haiku-3,opus-2,1.000000,1.000000,1.000000
R3,haiku-3,opus-3,1.000000,1.000000,1.000000
R3,haiku-3,sonnet-1,1.000000,1.000000,1.000000
R3,haiku-3,sonnet-2,1.000000,1.000000,1.000000
R3,haiku-3,sonnet-3,1.000000,1.000000,1.000000
R3,opus-1,opus-2,1.000000,1.000000,1.000000
R3,opus-1,opus-3,1.000000,1.000000,1.000000
R3,opus-1,sonnet-1,1.000000,1.000000,1.000000
R3,opus-1,sonnet-2,1.000000,1.000000,1.000000
R3,opus-1,sonnet-3,1.000000,1.000000,1.000000
R3,opus-2,opus-3,1.000000,1.000000,1.000000
R3,opus-2,sonnet-1,1.000000,1.000000,1.000000
R3,opus-2,sonnet-2,1.000000,1.000000,1.000000
R3,opus-2,sonnet-3,1.000000,1.000000,1.000000
R3,opus-3,sonnet-1,1.000000,1.000000,1.000000
R3,opus-3,sonnet-2,1.000000,1.000000,1.000000
R3,opus-3,sonnet-3,1.000000,1.000000,1.000000
R3,sonnet-1,sonnet-2,1.000000,1.000000,1.000000
R3,sonnet-1,sonnet-3,1.000000,1.000000,1.000000
R3,sonnet-2,sonnet-3,1.000000,1.000000,1.000000
R4,haiku-1,haiku-2,1.000000,1.000000,1.000000
R4,haiku-1,haiku-3,1.000000,1.000000,1.000000
R4,haiku-1,opus-1,1.000000,1.000000,1.000000
R4,haiku-1,opus-2,1.000000,1.000000,1.000000
R4,haiku-1,opus-3,1.000000,1.000000,1.000000
R4,haiku-1,sonnet-1,1.000000,1.000000,1.000000
R4,haiku-1,sonnet-2,1.000000,1.000000,1.000000
R4,haiku-1,sonnet-3,1.000000,1.000000,1.000000
R4,haiku-2,haiku-3,1.000000,1.000000,1.000000
R4,haiku-2,opus-1,1.000000,1.000000,1.000000
R4,haiku-2,opus-2,1.000000,1.000000,1.000000
R4,haiku-2,opus-3,1.000000,1.000000,1.000000
R4,haiku-2,sonnet-1,1.000000,1.000000,1.000000
R4,haiku-2,sonnet-2,1.000000,1.000000,1.000000
R4,haiku-2,sonnet-3,1.000000,1.000000,1.000000
R4,haiku-3,opus-1,1.000000,1.000000,1.000000
R4,haiku-3,opus-2,1.000000,1.000000,1.000000
R4,haiku-3,opus-3,1.000000,1.000000,1.000000
R4,haiku-3,sonnet-1,1.000000,1.000000,1.000000
R4,haiku-3,sonnet-2,1.000000,1.000000,1.000000
R4,haiku-3,sonnet-3,1.000000,1.000000,1.000000
R4,opus-1,opus-2,1.000000,1.000000,1.000000
R4,opus-1,opus-3,1.000000,1.000000,1.000000
R4,opus-1,sonnet-1,1.000000,1.000000,1.000000
R4,opus-1,sonnet-2,1.000000,1.000000,1.000000
R4,opus-1,sonnet-3,1.000000,1.000000,1.000000
R4,opus-2,opus-3,1.000000,1.000000,1.000000
R4,opus-2,sonnet-1,1.000000,1.000000,1.000000
R4,opus-2,sonnet-2,1.000000,1.000000,1.000000
R4,opus-2,sonnet-3,1.000000,1.000000,1.000000
R4,opus-3,sonnet-1,1.000000,1.000000,1.000000
R4,opus-3,sonnet-2,1.000000,1.000000,1.000000
R4,opus-3,sonnet-3,1.000000,1.000000,1.000000
R4,sonnet-1,sonnet-2,1.000000,1.000000,1.000000
R4,sonnet-1,sonnet-3,1.000000,1.000000,1.000000
R4,sonnet-2,sonnet-3,1.000000,1.000000,1.000000
R5,haiku-1,haiku-2,1.000000,1.000000,1.000000
R5,haiku-1,haiku-3,1.000000,1.000000,1.000000
R5,haiku-1,opus-1,1.000000,1.000000,1.000000
R5,haiku-1,opus-2,1.000000,1.000000,1.000000
R5,haiku-1,opus-3,1.000000,1.000000,1.000000
R5,haiku-1,sonnet-1,1.000000,1.000000,1.000000
R5,haiku-1,sonnet-2,1.000000,1.000000,1.000000
R5,haiku-1,sonnet-3,1.000000,1.000000,1.000000
R5,haiku-2,haiku-3,1.000000,1.000000,1.000000
R5,haiku-2,opus-1,1.000000,1.000000,1.000000
R5,haiku-2,opus-2,1.000000,1.000000,1.000000
R5,haiku-2,opus-3,1.000000,1.000000,1.000000
R5,haiku-2,sonnet-1,1.000000,1.000000,1.000000
R5,haiku-2,sonnet-2,1.000000,1.000000,1.000000
R5,haiku-2,sonnet-3,1.000000,1.000000,1.000000
R5,haiku-3,opus-1,1.000000,1.000000,1.000000
R5,haiku-3,opus-2,1.000000,1.000000,1.000000
R5,haiku-3,opus-3,1.000000,1.000000,1.000000
R5,haiku-3,sonnet-1,1.000000,1.000000,1.000000
R5,haiku-3,sonnet-2,1.000000,1.000000,1.000000
R5,haiku-3,sonnet-3,1.000000,1.000000,1.000000
R5,opus-1,opus-2,1.000000,1.000000,1.000000
R5,opus-1,opus-3,1.000000,1.000000,1.000000
R5,opus-1,sonnet-1,1.000000,1.000000,1.000000
R5,opus-1,sonnet-2,1.000000,1.000000,1.000000
R5,opus-1,sonnet-3,1.000000,1.000000,1.000000
R5,opus-2,opus-3,1.000000,1.000000,1.000000
R5,opus-2,sonnet-1,1.000000,1.000000,1.000000
R5,opus-2,sonnet-2,1.000000,1.000000,1.000000
R5,opus-2,sonnet-3,1.000000,1.000000,1.000000
R5,opus-3,sonnet-1,1.000000,1.000000,1.000000
R5,opus-3,sonnet-2,1.000000,1.000000,1.000000
R5,opus-3,sonnet-3,1.000000,1.000000,1.000000
R5,sonnet-1,sonnet-2,1.000000,1.000000,1.000000
R5,sonnet-1,sonnet-3,1.000000,1.000000,1.000000
R5,sonnet-2,sonnet-3,1.000000,1.000000,1.000000
R6,haiku-1,haiku-2,1.000000,1.000000,1.000000
R6,haiku-1,haiku-3,1.000000,1.000000,1.000000
R6,haiku-1,opus-1,1.000000,1.000000,1.000000
R6,haiku-1,opus-2,1.000000,1.000000,1.000000
R6,haiku-1,opus-3,1.000000,1.000000,1.000000
R6,haiku-1,sonnet-1,1.000000,1.000000,1.000000
R6,haiku-1,sonnet-2,1.000000,1.000000,1.000000
R6,haiku-1,sonnet-3,1.000000,1.000000,1.000000
R6,haiku-2,haiku-3,1.000000,1.000000,1.000000
R6,haiku-2,opus-1,1.000000,1.000000,1.000000
R6,haiku-2,opus-2,1.000000,1.000000,1.000000
R6,haiku-2,opus-3,1.000000,1.000000,1.000000
R6,haiku-2,sonnet-1,1.000000,1.000000,1.000000
R6,haiku-2,sonnet-2,1.000000,1.000000,1.000000
R6,haiku-2,sonnet-3,1.000000,1.000000,1.000000
R6,haiku-3,opus-1,1.000000,1.000000,1.000000
R6,haiku-3,opus-2,1.000000,1.000000,1.000000
R6,haiku-3,opus-3,1.000000,1.000000,1.000000
R6,haiku-3,sonnet-1,1.000000,1.000000,1.000000
R6,haiku-3,sonnet-2,1.000000,1.000000,1.000000
R6,haiku-3,sonnet-3,1.000000,1.000000,1.000000
R6,opus-1,opus-2,1.000000,1.000000,1.000000
R6,opus-1,opus-3,1.000000,1.000000,1.000000
R6,opus-1,sonnet-1,1.000000,1.000000,1.000000
R6,opus-1,sonnet-2,1.000000,1.000000,1.000000
R6,opus-1,sonnet-3,1.000000,1.000000,1.000000
R6,opus-2,opus-3,1.000000,1.000000,1.000000
R6,opus-2,sonnet-1,1.000000,1.000000,1.000000
R6,opus-2,sonnet-2,1.000000,1.000000,1.000000
R6,opus-2,sonnet-3,1.000000,1.000000,1.000000
R6,opus-3,sonnet-1,1.000000,1.000000,1.000000
R6,opus-3,sonnet-2,1.000000,1.000000,1.000000
R6,opus-3,sonnet-3,1.000000,1.000000,1.000000
R6,sonnet-1,sonnet-2,1.000000,1.000000,1.000000
R6,sonnet-1,sonnet-3,1.000000,1.000000,1.000000
R6,sonnet-2,sonnet-3,1.000000,1.000000,1.000000
R7,haiku-1,haiku-2,1.000000,1.000000,1.000000
R7,haiku-1,haiku-3,1.000000,1.000000,1.000000
R7,haiku-1,opus-1,1.000000,1.000000,1.000000
R7,haiku-1,opus-2,1.000000,1.000000,1.000000
R7,haiku-1,opus-3,1.000000,1.000000,1.000000
R7,haiku-1,sonnet-1,1.000000,1.000000,1.000000
R7,haiku-1,sonnet-2,1.000000,1.000000,1.000000
R7,haiku-1,sonnet-3,1.000000,1.000000,1.000000
R7,haiku-2,haiku-3,1.000000,1.000000,1.000000
R7,haiku-2,opus-1,1.000000,1.000000,1.000000
R7,haiku-2,opus-2,1.000000,1.000000,1.000000
R7,haiku-2,opus-3,1.000000,1.000000,1.000000
R7,haiku-2,sonnet-1,1.000000,1.000000,1.000000
R7,haiku-2,sonnet-2,1.000000,1.000000,1.000000
R7,haiku-2,sonnet-3,1.000000,1.000000,1.000000
R7,haiku-3,opus-1,1.000000,1.000000,1.000000
R7,haiku-3,opus-2,1.000000,1.000000,1.000000
R7,haiku-3,opus-3,1.000000,1.000000,1.000000
R7,haiku-3,sonnet-1,1.000000,1.000000,1.000000
R7,haiku-3,sonnet-2,1.000000,1.000000,1.000000
R7,haiku-3,sonnet-3,1.000000,1.000000,1.000000
R7,opus-1,opus-2,1.000000,1.000000,1.000000
R7,opus-1,opus-3,1.000000,1.000000,1.000000
R7,opus-1,sonnet-1,1.000000,1.000000,1.000000
R7,opus-1,sonnet-2,1.000000,1.000000,1.000000
R7,opus-1,sonnet-3,1.000000,1.000000,1.000000
R7,opus-2,opus-3,1.000000,1.000000,1.000000
R7,opus-2,sonnet-1,1.000000,1.000000,1.000000
R7,opus-2,sonnet-2,1.000000,1.000000,1.000000
R7,opus-2,sonnet-3,1.000000,1.000000,1.000000
R7,opus-3,sonnet-1,1.000000,1.000000,1.000000
R7,opus-3,sonnet-2,1.000000,1.000000,1.000000
R7,opus-3,sonnet-3,1.000000,1.000000,1.000000
R7,sonnet-1,sonnet-2,1.000000,1.000000,1.000000
R7,sonnet-1,sonnet-3,1.000000,1.000000,1.000000
R7,sonnet-2,sonnet-3,1.000000,1.000000,1.000000
R8,haiku-1,haiku-2,1.000000,1.000000,1.000000
R8,haiku-1,haiku-3,1.000000,1.000000,1.000000
R8,haiku-1,opus-1,0.961684,1.000000,0.980842
R8,haiku-1,opus-2,0.961684,1.000000,0.980842
R8,haiku-1,opus-3,0.813733,0.846154,0.829943
R8,haiku-1,sonnet-1,0.813733,0.846154,0.829943
R8,haiku-1,sonnet-2,0.813733,0.846154,0.829943
R8,haiku-1,sonnet-3,0.961684,1.000000,0.980842
R8,haiku-2,haiku-3,1.000000,1.000000,1.000000
R8,haiku-2,opus-1,0.961684,1.000000,0.980842
R8,haiku-2,opus-2,0.961684,1.000000,0.980842
R8,haiku-2,opus-3,0.813733,0.846154,0.829943
R8,haiku-2,sonnet-1,0.813733,0.846154,0.829943
R8,haiku-2,sonnet-2,0.813733,0.846154,0.829943
R8,haiku-2,sonnet-3,0.961684,1.000000,0.980842
R8,haiku-3,opus-1,0.961684,1.000000,0.980842
R8,haiku-3,opus-2,0.961684,1.000000,0.980842
R8,haiku-3,opus-3,0.813733,0.846154,0.829943
R8,haiku-3,sonnet-1,0.813733,0.846154,0.829943
R8,haiku-3,sonnet-2,0.813733,0.846154,0.829943
R8,haiku-3,sonnet-3,0.961684,1.000000,0.980842
R8,opus-1,opus-2,1.000000,1.000000,1.000000
R8,opus-1,opus-3,0.846154,0.846154,0.846154
R8,opus-1,sonnet-1,0.846154,0.846154,0.846154
R8,opus-1,sonnet-2,0.846154,0.846154,0.846154
R8,opus-1,sonnet-3,1.000000,1.000000,1.000000
R8,opus-2,opus-3,0.846154,0.846154,0.846154
R8,opus-2,sonnet-1,0.846154,0.846154,0.846154
R8,opus-2,sonnet-2,0.846154,0.846154,0.846154
R8,opus-2,sonnet-3,1.000000,1.000000,1.000000
R8,opus-3,sonnet-1,1.000000,1.000000,1.000000
R8,opus-3,sonnet-2,1.000000,1.000000,1.000000
R8,opus-3,sonnet-3,0.846154,0.846154,0.846154
R8,sonnet-1,sonnet-2,1.000000,1.000000,1.000000
R8,sonnet-1,sonnet-3,0.846154,0.846154,0.846154
R8,sonnet-2,sonnet-3,0.846154,0.846154,0.846154
R9,haiku-1,haiku-2,1.000000,1.000000,1.000000
R9,haiku-1,haiku-3,1.000000,1.000000,1.000000
R9,haiku-1,opus-1,0.954545,0.954545,0.954545
R9,haiku-1,opus-2,1.000000,1.000000,1.000000
R9,haiku-1,opus-3,1.000000,1.000000,1.000000
R9,haiku-1,sonnet-1,0.954545,0.954545,0.954545
R9,haiku-1,sonnet-2,1.000000,1.000000,1.000000
R9,haiku-1,sonnet-3,0.954545,0.954545,0.954545
R9,haiku-2,haiku-3,1.000000,1.000000,1.000000
R9,haiku-2,opus-1,0.954545,0.954545,0.954545
R9,haiku-2,opus-2,1.000000,1.000000,1.000000
R9,haiku-2,opus-3,1.000000,1.000000,1.000000
R9,haiku-2,sonnet-1,0.954545,0.954545,0.954545
R9,haiku-2,sonnet-2,1.000000,1.000000,1.000000
R9,haiku-2,sonnet-3,0.954545,0.954545,0.954545
R9,haiku-3,opus-1,0.954545,0.954545,0.954545
R9,haiku-3,opus-2,1.000000,1.000000,1.000000
R9,haiku-3,opus-3,1.000000,1.000000,1.000000
R9,haiku-3,sonnet-1,0.954545,0.954545,0.954545
R9,haiku-3,sonnet-2,1.000000,1.000000,1.000000
R9,haiku-3,sonnet-3,0.954545,0.954545,0.954545
R9,opus-1,opus-2,0.954545,0.954545,0.954545
R9,opus-1,opus-3,0.954545,0.954545,0.954545
R9,opus-1,sonnet-1,1.000000,1.000000,1.000000
R9,opus-1,sonnet-2,0.954545,0.954545,0.954545
R9,opus-1,sonnet-3,1.000000,1.000000,1.000000
R9,opus-2,opus-3,1.000000,1.000000,1.000000
R9,opus-2,sonnet-1,0.954545,0.954545,0.954545
R9,opus-2,sonnet-2,1.000000,1.000000,1.000000
R9,opus-2,sonnet-3,0.954545,0.954545,0.954545
R9,opus-3,sonnet-1,0.954545,0.954545,0.954545
R9,opus-3,sonnet-2,1.000000,1.000000,1.000000
R9,opus-3,sonnet-3,0.954545,0.954545,0.954545
R9,sonnet-1,sonnet-2,0.954545,0.954545,0.954545
R9,sonnet-1,sonnet-3,1.000000,1.000000,1.000000
R9,sonnet-2,sonnet-3,0.954545,0.954545,0.954545
R10,haiku-1,haiku-2,1.000000,1.000000,1.000000
R10,haiku-1,haiku-3,1.000000,1.000000,1.000000
R10,haiku-1,opus-1,1.000000,1.000000,1.000000
R10,haiku-1,opus-2,1.000000,1.000000,1.000000
R10,haiku-1,opus-3,1.000000,1.000000,1.000000
R10,haiku-1,sonnet-1,1.000000,1.000000,1.000000
R10,haiku-1,sonnet-2,1.000000,1.000000,1.000000
R10,haiku-1,sonnet-3,1.000000,1.000000,1.000000
R10,haiku-2,haiku-3,1.000000,1.000000,1.000000
R10,haiku-2,opus-1,1.000000,1.000000,1.000000
R10,haiku-2,opus-2,1.000000,1.000000,1.000000
R10,haiku-2,opus-3,1.000000,1.000000,1.000000
R10,haiku-2,sonnet-1,1.000000,1.000000,1.000000
R10,haiku-2,sonnet-2,1.000000,1.000000,1.000000
R10,haiku-2,sonnet-3,1.000000,1.000000,1.000000
R10,haiku-3,opus-1,1.000000,1.000000,1.000000
R10,haiku-3,opus-2,1.000000,1.000000,1.000000
R10,haiku-3,opus-3,1.000000,1.000000,1.000000
R10,haiku-3,sonnet-1,1.000000,1.000000,1.000000
R10,haiku-3,sonnet-2,1.000000,1.000000,1.000000
R10,haiku-3,sonnet-3,1.000000,1.000000,1.000000
R10,opus-1,opus-2,1.000000,1.000000,1.000000
R10,opus-1,opus-3,1.000000,1.000000,1.000000
R10,opus-1,sonnet-1,1.000000,1.000000,1.000000
R10,opus-1,sonnet-2,1.000000,1.000000,1.000000
R10,opus-1,sonnet-3,1.000000,1.000000,1.000000
R10,opus-2,opus-3,1.000000,1.000000,1.000000
R10,opus-2,sonnet-1,1.000000,1.000000,1.000000
R10,opus-2,sonnet-2,1.000000,1.000000,1.000000
R10,opus-2,sonnet-3,1.000000,1.000000,1.000000
R10,opus-3,sonnet-1,1.000000,1.000000,1.000000
R10,opus-3,sonnet-2,1.000000,1.000000,1.000000
R10,opus-3,sonnet-3,1.000000,1.000000,1.000000
R10,sonnet-1,sonnet-2,1.000000,1.000000,1.000000
R10,sonnet-1,sonnet-3,1.000000,1.000000,1.000000
R10,sonnet-2,sonnet-3,1.000000,1.000000,1.000000
R11,haiku-1,haiku-2,1.000000,1.000000,1.000000
R11,haiku-1,haiku-3,1.000000,1.000000,1.000000
R11,haiku-1,opus-1,1.000000,1.000000,1.000000
R11,haiku-1,opus-2,1.000000,1.000000,1.000000
R11,haiku-1,opus-3,1.000000,1.000000,1.000000
R11,haiku-1,sonnet-1,1.000000,1.000000,1.000000
R11,haiku-1,sonnet-2,1.000000,1.000000,1.000000
R11,haiku-1,sonnet-3,1.000000,1.000000,1.000000
R11,haiku-2,haiku-3,1.000000,1.000000,1.000000
R11,haiku-2,opus-1,1.000000,1.000000,1.000000
R11,haiku-2,opus-2,1.000000,1.000000,1.000000
R11,haiku-2,opus-3,1.000000,1.000000,1.000000
R11,haiku-2,sonnet-1,1.000000,1.000000,1.000000
R11,haiku-2,sonnet-2,1.000000,1.000000,1.000000
R11,haiku-2,sonnet-3,1.000000,1.000000,1.000000
R11,haiku-3,opus-1,1.000000,1.000000,1.000000
R11,haiku-3,opus-2,1.000000,1.000000,1.000000
R11,haiku-3,opus-3,1.000000,1.000000,1.000000
R11,haiku-3,sonnet-1,1.000000,1.000000,1.000000
R11,haiku-3,sonnet-2,1.000000,1.000000,1.000000
R11,haiku-3,sonnet-3,1.000000,1.000000,1.000000
R11,opus-1,opus-2,1.000000,1.000000,1.000000
R11,opus-1,opus-3,1.000000,1.000000,1.000000
R11,opus-1,sonnet-1,1.000000,1.000000,1.000000
R11,opus-1,sonnet-2,1.000000,1.000000,1.000000
R11,opus-1,sonnet-3,1.000000,1.000000,1.000000
R11,opus-2,opus-3,1.000000,1.000000,1.000000
R11,opus-2,sonnet-1,1.000000,1.000000,1.000000
R11,opus-2,sonnet-2,1.000000,1.000000,1.000000
R11,opus-2,sonnet-3,1.000000,1.000000,1.000000
R11,opus-3,sonnet-1,1.000000,1.000000,1.000000
R11,opus-3,sonnet-2,1.000000,1.000000,1.000000
R11,opus-3,sonnet-3,1.000000,1.000000,1.000000
R11,sonnet-1,sonnet-2,1.000000,1.000000,1.000000
R11,sonnet-1,sonnet-3,1.000000,1.000000,1.000000
R11,sonnet-2,sonnet-3,1.000000,1.000000,1.000000
R12,haiku-1,haiku-2,1.000000,1.000000,1.000000
R12,haiku-1,haiku-3,1.000000,1.000000,1.000000
R12,haiku-1,opus-1,1.000000,1.000000,1.000000
R12,haiku-1,opus-2,1.000000,1.000000,1.000000
R12,haiku-1,opus-3,1.000000,1.000000,1.000000
R12,haiku-1,sonnet-1,1.000000,1.000000,1.000000
R12,haiku-1,sonnet-2,1.000000,1.000000,1.000000
R12,haiku-1,sonnet-3,1.000000,1.000000,1.000000
R12,haiku-2,haiku-3,1.000000,1.000000,1.000000
R12,haiku-2,opus-1,1.000000,1.000000,1.000000
R12,haiku-2,opus-2,1.000000,1.000000,1.000000
R12,haiku-2,opus-3,1.000000,1.000000,1.000000
R12,haiku-2,sonnet-1,1.000000,1.000000,1.000000
R12,haiku-2,sonnet-2,1.000000,1.000000,1.000000
R12,haiku-2,sonnet-3,1.000000,1.000000,1.000000
R12,haiku-3,opus-1,1.000000,1.000000,1.000000
R12,haiku-3,opus-2,1.000000,1.000000,1.000000
R12,haiku-3,opus-3,1.000000,1.000000,1.000000
R12,haiku-3,sonnet-1,1.000000,1.000000,1.000000
R12,haiku-3,sonnet-2,1.000000,1.000000,1.000000
R12,haiku-3,sonnet-3,1.000000,1.000000,1.000000
R12,opus-1,opus-2,1.000000,1.000000,1.000000
R12,opus-1,opus-3,1.000000,1.000000,1.000000
R12,opus-1,sonnet-1,1.000000,1.000000,1.000000
R12,opus-1,sonnet-2,1.000000,1.000000,1.000000
R12,opus-1,sonnet-3,1.000000,1.000000,1.000000
R12,opus-2,opus-3,1.000000,1.000000,1.000000
R12,opus-2,sonnet-1,1.000000,1.000000,1.000000
R12,opus-2,sonnet-2,1.000000,1.000000,1.000000
R12,opus-2,sonnet-3,1.000000,1.000000,1.000000
R12,opus-3,sonnet-1,1.000000,1.000000,1.000000
R12,opus-3,sonnet-2,1.000000,1.000000,1.000000
R12,opus-3,sonnet-3,1.000000,1.000000,1.000000
R12,sonnet-1,sonnet-2,1.000000,1.000000,1.000000
R12,sonnet-1,sonnet-3,1.000000,1.000000,1.000000
R12,sonnet-2,sonnet-3,1.000000,1.000000,1.000000
