req,sample,formula,ow_sample_ref,ow_ref_sample,G
R1,haiku-1,"G[0,10] (speed < 120)",1.000000,1.000000,1.000000
R1,haiku-2,"G[0,10] (speed < 120)",1.000000,1.000000,1.000000
R1,haiku-3,"G[0,10] (speed < 120)",1.000000,1.000000,1.000000
R1,opus-1,"G[0,10] speed < 120",1.000000,1.000000,1.000000
R1,opus-2,"G[0,10] (speed < 120)",1.000000,1.000000,1.000000
R1,opus-3,"G[0,10] speed < 120",1.000000,1.000000,1.000000
R1,sonnet-1,"G[0,10] speed < 120",1.000000,1.000000,1.000000
R1,sonnet-2,"G[0,10] speed < 120",1.000000,1.000000,1.000000
R1,sonnet-3,"G[0,10] speed < 120",1.000000,1.000000,1.000000
R2,haiku-1,"G[0,10] (rpm < 4750)",1.000000,1.000000,1.000000
R2,haiku-2,"G[0,10] (rpm != 4750)",0.500000,1.000000,0.750000
R2,haiku-3,"G[0,10] (rpm != 4750)",0.500000,1.000000,0.750000
R2,opus-1,"G[0,10] rpm < 4750",1.000000,1.000000,1.000000
R2,opus-2,"G[0,10] (rpm < 4750)",1.000000,1.000000,1.000000
R2,opus-3,"G[0,10] rpm < 4750",1.000000,1.000000,1.000000
R2,sonnet-1,"G[0,10] rpm < 4750",1.000000,1.000000,1.000000
R2,sonnet-2,"G[0,10] rpm < 4750",1.000000,1.000000,1.000000
R2,sonnet-3,"G[0,10] rpm < 4750",1.000000,1.000000,1.000000
R3,haiku-1,"(G[0,8] (rpm < 3000)) -> (G[0,4] (speed < 35))",1.000000,1.000000,1.000000
R3,haiku-2,"(G[0,8] (rpm < 3000)) -> (G[0,4] (speed < 35))",1.000000,1.000000,1.000000
R3,haiku-3,"(G[0,8] (rpm < 3000)) -> (G[0,4] (speed < 35))",1.000000,1.000000,1.000000
R3,opus-1,"(G[0,8] rpm < 3000) -> (G[0,4] speed < 35)",1.000000,1.000000,1.000000
R3,opus-2,"G[0,8] (rpm < 3000) -> G[0,4] (speed < 35)",1.000000,1.000000,1.000000
R3,opus-3,"(G[0,8] rpm < 3000) -> (G[0,4] speed < 35)",1.000000,1.000000,1.000000
R3,sonnet-1,"(G[0,8] rpm < 3000) -> (G[0,4] speed < 35)",1.000000,1.000000,1.000000
R3,sonnet-2,"(G[0,8] rpm < 3000) -> (G[0,4] speed < 35)",1.000000,1.000000,1.000000
R3,sonnet-3,"(G[0,8] rpm < 3000) -> (G[0,4] speed < 35)",1.000000,1.000000,1.000000
R4,haiku-1,"G[0,5] ((temp > 80) -> F[0,3] (fan >= 1))",1.000000,1.000000,1.000000
R4,haiku-2,"G[0,5] ((temp > 80) -> (F[0,3] (fan >= 1)))",1.000000,1.000000,1.000000
R4,haiku-3,"G[0,5] (temp > 80 -> F[0,3] (fan >= 1))",1.000000,1.000000,1.000000
R4,opus-1,"G[0,5] (temp > 80 -> F[0,3] fan >= 1)",1.000000,1.000000,1.000000
R4,opus-2,"G[0,5] (temp > 80 -> F[0,3] (fan >= 1))",1.000000,1.000000,1.000000
R4,opus-3,"G[0,5] (temp > 80 -> F[0,3] fan >= 1)",1.000000,1.000000,1.000000
R4,sonnet-1,"G[0,5] (temp > 80 -> F[0,3] fan >= 1)",1.000000,1.000000,1.000000
R4,sonnet-2,"G[0,5] (temp > 80 -> F[0,3] fan >= 1)",1.000000,1.000000,1.000000
R4,sonnet-3,"G[0,5] (temp > 80 -> F[0,3] fan >= 1)",1.000000,1.000000,1.000000
R5,haiku-1,"G[2,10] ((afr >= 14.0) && (afr <= 15.4))",1.000000,1.000000,1.000000
R5,haiku-2,"G[2,10] ((afr >= 14.0) && (afr <= 15.4))",1.000000,1.000000,1.000000
R5,haiku-3,"G[2,10] (afr >= 14.0 && afr <= 15.4)",1.000000,1.000000,1.000000
R5,opus-1,"G[2,10] (afr >= 14.0 && afr <= 15.4)",1.000000,1.000000,1.000000
R5,opus-2,"G[2,10] (afr >= 14.0 && afr <= 15.4)",1.000000,1.000000,1.000000
R5,opus-3,"G[2,10] (afr >= 14.0 && afr <= 15.4)",1.000000,1.000000,1.000000
R5,sonnet-1,"G[2,10] (afr >= 14.0 && afr <= 15.4)",1.000000,1.000000,1.000000
R5,sonnet-2,"G[2,10] (afr >= 14.0 && afr <= 15.4)",1.000000,1.000000,1.000000
R5,sonnet-3,"G[2,10] (afr >= 14.0 && afr <= 15.4)",1.000000,1.000000,1.000000
R6,haiku-1,"F[0,10] (level >= 5)",1.000000,1.000000,1.000000
R6,haiku-2,"F[0,10] (level >= 5)",1.000000,1.000000,1.000000
R6,haiku-3,"F[0,10] (level >= 5)",1.000000,1.000000,1.000000
R6,opus-1,"F[0,10] level >= 5",1.000000,1.000000,1.000000
R6,opus-2,"F[0,10] (level >= 5)",1.000000,1.000000,1.000000
R6,opus-3,"F[0,10] level >= 5",1.000000,1.000000,1.000000
R6,sonnet-1,"F[0,10] level >= 5",1.000000,1.000000,1.000000
R6,sonnet-2,"F[0,10] level >= 5",1.000000,1.000000,1.000000
R6,sonnet-3,"F[0,10] level >= 5",1.000000,1.000000,1.000000
R7,haiku-1,"(valve <= 0) U[0,6] (pressure > 2)",1.000000,1.000000,1.000000
R7,haiku-2,"(valve <= 0) U[0,6] (pressure > 2)",1.000000,1.000000,1.000000
R7,haiku-3,"(valve <= 0) U[0,6] (pressure > 2)",1.000000,1.000000,1.000000
R7,opus-1,"valve <= 0 U[0,6] pressure > 2",1.000000,1.000000,1.000000
R7,opus-2,"(valve <= 0) U[0,6] (pressure > 2)",1.000000,1.000000,1.000000
R7,opus-3,"valve <= 0 U[0,6] pressure > 2",1.000000,1.000000,1.000000
R7,sonnet-1,"(valve <= 0 U[0,6] pressure > 2)",1.000000,1.000000,1.000000
R7,sonnet-2,"F[0,6] pressure > 2 && (valve <= 0 U[0,6] pressure > 2)",1.000000,1.000000,1.000000
R7,sonnet-3,"(valve <= 0) U[0,6] (pressure > 2)",1.000000,1.000000,1.000000
R8,haiku-1,"G[0,7] (F[0,3] (v >= 11))",1.000000,1.000000,1.000000
R8,haiku-2,"G[0,7] (F[0,3] (v >= 11))",1.000000,1.000000,1.000000
R8,haiku-3,"G[0,7] (F[0,3] (v >= 11))",1.000000,1.000000,1.000000
R8,opus-1,"G[0,8] F[0,2] v >= 11",1.000000,0.961684,0.980842
R8,opus-2,"G[0,8] F[0,2] (v >= 11)",1.000000,0.961684,0.980842
R8,opus-3,"G[0,10] F[0,2] v >= 11",0.846154,0.813733,0.829943
R8,sonnet-1,"G[0,10] F[0,2] v >= 11",0.846154,0.813733,0.829943
R8,sonnet-2,"G[0,10] F[0,2] v >= 11",0.846154,0.813733,0.829943
R8,sonnet-3,"G[0,8] F[0,2] v >= 11",1.000000,0.961684,0.980842
R9,haiku-1,"(G[0,5] ((pos >= -1) && (pos <= 1))) && (G[5,10] ((pos >= -0.5) && (pos <= 0.5)))",0.954545,0.954545,0.954545
R9,haiku-2,"(G[0,5] ((pos >= -1) && (pos <= 1))) && (G[5,10] ((pos >= -0.5) && (pos <= 0.5)))",0.954545,0.954545,0.954545
R9,haiku-3,"(G[0,5] (pos >= -1 && pos <= 1)) && (G[5,10] (pos >= -0.5 && pos <= 0.5))",0.954545,0.954545,0.954545
R9,opus-1,"G[0,5] (pos >= -1 && pos <= 1) && G[6,10] (pos >= -0.5 && pos <= 0.5)",1.000000,1.000000,1.000000
R9,opus-2,"G[0,5] (pos >= -1 && pos <= 1) && G[5,10] (pos >= -0.5 && pos <= 0.5)",0.954545,0.954545,0.954545
R9,opus-3,"G[0,5] (pos >= -1 && pos <= 1) && G[5,10] (pos >= -0.5 && pos <= 0.5)",0.954545,0.954545,0.954545
R9,sonnet-1,"G[0,5] (pos >= -1 && pos <= 1) && G[6,10] (pos >= -0.5 && pos <= 0.5)",1.000000,1.000000,1.000000
R9,sonnet-2,"G[0,5] (pos >= -1 && pos <= 1) && G[5,10] (pos >= -0.5 && pos <= 0.5)",0.954545,0.954545,0.954545
R9,sonnet-3,"(G[0,5] (pos >= -1 && pos <= 1)) && (G[6,10] (pos >= -0.5 && pos <= 0.5))",1.000000,1.000000,1.000000
R10,haiku-1,"G[0,5] ((p > 10) -> G[0,2] (alarm >= 1))",1.000000,1.000000,1.000000
R10,haiku-2,"G[0,5] ((p > 10) -> (G[0,2] (alarm >= 1)))",1.000000,1.000000,1.000000
R10,haiku-3,"G[0,5] (p > 10 -> (alarm >= 1 && G[0,2] (alarm >= 1)))",1.000000,1.000000,1.000000
R10,opus-1,"G[0,5] (p > 10 -> G[0,2] alarm >= 1)",1.000000,1.000000,1.000000
R10,opus-2,"G[0,5] (p > 10 -> G[0,2] (alarm >= 1))",1.000000,1.000000,1.000000
R10,opus-3,"G[0,5] (p > 10 -> G[0,2] alarm >= 1)",1.000000,1.000000,1.000000
R10,sonnet-1,"G[0,5] (p > 10 -> G[0,2] alarm >= 1)",1.000000,1.000000,1.000000
R10,sonnet-2,"G[0,5] (p > 10 -> G[0,2] alarm >= 1)",1.000000,1.000000,1.000000
R10,sonnet-3,"G[0,5] (p > 10 -> G[0,2] alarm >= 1)",1.000000,1.000000,1.000000
R11,haiku-1,"F[0,4] ((speed < 20) || (brake >= 0.5))",1.000000,1.000000,1.000000
R11,haiku-2,"F[0,4] ((speed < 20) || (brake >= 0.5))",1.000000,1.000000,1.000000
R11,haiku-3,"F[0,4] ((speed < 20) || (brake >= 0.5))",1.000000,1.000000,1.000000
R11,opus-1,"F[0,4] (speed < 20 || brake >= 0.5)",1.000000,1.000000,1.000000
R11,opus-2,"F[0,4] (speed < 20 || brake >= 0.5)",1.000000,1.000000,1.000000
R11,opus-3,"F[0,4] (speed < 20 || brake >= 0.5)",1.000000,1.000000,1.000000
R11,sonnet-1,"F[0,4] (speed < 20 || brake >= 0.5)",1.000000,1.000000,1.000000
R11,sonnet-2,"F[0,4] (speed < 20 || brake >= 0.5)",1.000000,1.000000,1.000000
R11,sonnet-3,"F[0,4] (speed < 20 || brake >= 0.5)",1.000000,1.000000,1.000000
R12,haiku-1,"(G[0,10] (dist > 5)) && (G[0,10] ((dist < 10) -> F[0,2] (speed < 30)))",1.000000,1.000000,1.000000
R12,haiku-2,"(G[0,10] (dist > 5)) && (G[0,10] ((dist < 10) -> (F[0,2] (speed < 30))))",1.000000,1.000000,1.000000
R12,haiku-3,"(G[0,10] (dist > 5)) && (G[0,10] (dist < 10 -> F[0,2] (speed < 30)))",1.000000,1.000000,1.000000
R12,opus-1,"G[0,10] (dist > 5 && (dist < 10 -> F[0,2] speed < 30))",1.000000,1.000000,1.000000
R12,opus-2,"G[0,10] (dist > 5 && (dist < 10 -> F[0,2] (speed < 30)))",1.000000,1.000000,1.000000
R12,opus-3,"G[0,10] (dist > 5 && (dist < 10 -> F[0,2] speed < 30))",1.000000,1.000000,1.000000
R12,sonnet-1,"G[0,10] (dist > 5 && (dist < 10 -> F[0,2] speed < 30))",1.000000,1.000000,1.000000
R12,sonnet-2,"G[0,10] (dist > 5 && (dist < 10 -> F[0,2] speed < 30))",1.000000,1.000000,1.000000
R12,sonnet-3,"G[0,10] (dist > 5 && (dist < 10 -> F[0,2] speed < 30))",1.000000,1.000000,1.000000
